,Email,Code_Postal,Ville,Entreprise_name
0,info@bvmac-ac.org,B.P. 442, DOUALA, BOURSE DES VALEURS MOBILIÈRES DE L’AFRIQUE CENTRALE (BVMAC)
1,3t@tafinvestment.com,B.P. 12554, DOUALA,3T CAMEROUN
2,,B.P. 13222, DOUALA,ABB (ASEA BROWN BOVERI)
3,contact@abioget.org,127, MAROUA,ABIOGeT
4,ac2p2013@gmail.com,B.P. 8722, DOUALA,AC2P (ASSOCIATION CAMEROUNAISE DES PROFESSIONNELS DE LA PLASTURGIE )
5,directiongenerale@acamvie.com,B.P 2000, DOUALA,ACAM VIE S.A
6,acamet.cam@gmail.com,5773, Douala,ACAMET
7,baoace@yahoo.fr,B.P. 2439, DOUALA,ACE (African Consulting Entreprise)
8,activa.assur@group-activa.com,B.P. 12970, DOUALA,ACTIVA ASSURANCES
9,philomen.edjimbi@cm.addaxpetroleum.com,B.P. 2273, DOUALA,ADDAX PETROLEUM CAMEROON Ltd
10,Douala,"Rue des Ministres, Bonanjo",B.P. 829,ADIC (African Distilling Company SA)
11,Yaoundé,Bastos Ecole Publique,,AFRICA BUSINESS CENTER
12,,,,AFRICA PREMIUM CONSULTING
13,adic2@yahoo.fr,B.P.2199, DOUALA,AFRICA WORKS
14,contact@africa-business-centers.com,, YAOUNDE,AFRICAN TRADING COMPANY Sarl
15,africa.hstandards@gmail.com,, ,AFRILAND FIRST BANK
16,africaworks2006@yahoo.fr,, DOUALA,AFRIMAR S.A.
17,atc@bellesgraines.com,5727, Douala,AFRIQUE AUDIT CONSEIL
18,firstbank@afrilandfirstbank.com; nafalph@yahoo.fr,B.P. 11834, YAOUNDE,AFRO PETRO & BUSINESS SOLUTIONS
19,afrimarsa@afrimarsa.com,B.P.15448, DOUALA,AG PARTNERS CAMEROUN PUBLICIS AFRICA GROUP
20,contact@aacbti.com,B.P: 15223, DOUALA,AGGREKO CAMEROUN Ltd
21,enquiries@afropbs.com,B.P: 12777, DOUALA,AGPC (Association pharmaceutique des grossistes du Cameroun)
22,info@ag-partners.com,B.P. 12555, DOUALA,AGROCHEM
23,Douala,"Rue des Ministres, Bonanjo",B.P. 829,AIGLE VOYAGES
24,Yaoundé,Bastos Ecole Publique,,AJ AND PARTNERS
25,,,,AJC GRAPHIC
26,line.tcheng@aggreko.ae,B.P. 13027, DOUALA,AKWA PALACE 
27,prosperhiag@yahoo.fr,B.P.12554, DOUALA,ALIOS FINANCES CAMEROUN
28,"agrochem.cm@gmail.com, agrochem.cm@gmail.com",5624, DOUALA,ALLIANZ CAMEROUN
29,"bjeanne.sangang@aigle_voyages.com , sabetty@yahoo.fr",, Douala,ALM CONSULTANTS
30,ajfoodappro@outlook.fr,, Douala,ALPICAM (Alpi Pietro et Fils Cameroun Sarl)
31,info@ajcgraphic.com,, DOUALA,ALUCAM (Aluminium du Cameroun)
32,contact@hotel-akwa-palace.com,B.P. 4007, DOUALA,AMD Sarl (Aciers et Métaux Divers)
33,cameroun@alios-finance.com,B.P.554, DOUALA,ANEMCAM (Association Nationale des Etablissements de Microfinance du Cameroun)
34,allianz.cameroun@allianz-cm.com,B.P.105, DOUALA,APAVE CAMEROUN
35,alm@almconsultants.com,B.P.2584, DOUALA,APECCAM (Association Professionnelle des Etablissements de Crédit du Cameroun)
36,Douala,"Rue des Ministres, Bonanjo",B.P. 829,APM SA (Agence de Prestations Maritimes)
37,Yaoundé,Bastos Ecole Publique,,AREA ASSURANCES
38,,,,ARNO SA
39,giorgio.giorgetti@alpiwood.com,B.P. 2130, DOUALA,ASAC (ASSOCIATION DES SOCIETES D'ASSURANCES DU CAMEROUN)
40,communication.alucam@groupealucam.com,B.P. 1090, DOUALA,ASCESE
41,amd@aciersetmetaux.com,B.P: 5512, DOUALA,ASCOMA CAMEROUN
42,gabriel.nzoyem@yahoo.com ,, Yaoundé,ASQUINI ENCORAD
43,apave.contact@apavecameroun.com,B.P. 129, DOUALA,AT GRAPHILINE INDUSTRY
44,apeccam@camnet.cm,B.P. 133, YAOUNDE,ATLANTIQUE ASSURANCES CAMEROUN-IARDT
45,info@apmmaritime.com,BP 12610, DOUALA,AUDITEC FOIRIER CONSULTING S.A
46,area@areaassurance.com,B.P. 15584, DOUALA,AURORE  METAL INDUSTRY Sarl
47,info@groupearno.com,664, Douala,AUTOHAUS S.A.
48,asac_douala@yahoo.fr,B.P 1136, DOUALA,AUTORITE PORTUAIRE NATIONALE
49,Douala,"Rue des Ministres, Bonanjo",B.P. 829,AVILYOS
50,Yaoundé,Bastos Ecole Publique,,AWEP (African Women Entrepreneurship Program)
51,,,,AXA ASSURANCES CAMEROUN
52,ascesecom@yahoo.fr,B.P. 15470, DOUALA,B&C (BRAND & CONSUMERS)
53,cameroun@ascoma.com; grace.mbongo@ascoma.com,B.P. 544, DOUALA,BANQUE ATLANTIQUE CAMEROUN
54,info@asquini-encorad.com,B.P. 1033, DOUALA,BAT CAMEROUN
55,graphiline@yahoo.fr / graphiline@at-graphiline.com,12471, DOUALA,BAT TRANSIT AND SERVICE Cie
56,contact@atlantiqueassurances.com,, Douala,BB VISION
57,info@auditechc-foirier.com,B.P.443, DOUALA,BENEFICIAL LIFE INSURANCE S.A
58,auroreservicesexpress@yahoo.fr,, DOUALA,BERYO International
59,contact@autohaus-cameroon.com,B.P. 15512, DOUALA,BGFI BANK CAMEROUN
60,apn@camnet.cm,B.P. 11538, YAOUNDE,BIA Cameroun S.A.
61,info@avilyos.com,, Douala,BICEC
62,Douala,"Rue des Ministres, Bonanjo",B.P. 829,BIOTROPICAL
63,Yaoundé,Bastos Ecole Publique,,BLESSING PETROLEUM SA
64,,,,BOCOM INTERNATIONAL
65,"info@awepcameroon.org, vansteph04@yahoo.fr",, DOUALA,BOLLORE TRANSPORTS & LOGISTICS CAMEROUN
66,axa.cameroun@axa.cm,B.P. 4068, DOUALA,BOLUDA Cameroun
67,"care@brandandconsumers.com, codi@brandandconsumers.com",B.P. 15018, DOUALA,BPS (BUSINESS & PARTNERS SERVICES SARL)
68,,2933, DOUALA,BRAIN CONSULTING
69,contact_cemac@bat.com,, DOUALA,BUETEC BRODERIE SARL
70,battransit@camnet.cm,B.P. 3316, DOUALA,BUNS (SOCIETE BUNS)
71,b_beyokol@hotmail.com,, YAOUNDE,BUREAU DE GESTION
72,"beneficial@groupbeneficial.com, bli@beneficial.com",B.P. 2328, DOUALA,BUREAU VERITAS DOUALA
73,beryo.international01@yahoo.fr,B.P. 11975, DOUALA,CABINET BEHLE ET ASSOCIES
74,contactbgfi@bgfi.com,, DOUALA,CABINET NYEMB
75,Douala,"Rue des Ministres, Bonanjo",B.P. 829,CADEV (CENTRE AFRICAIN POUR LE DROIT ET LE DEVELOPPEMENT)
76,Yaoundé,Bastos Ecole Publique,,CAMAIR-CO SA
77,,,,CAMDA (Camerounaise de Distribution Alimentaire
78,info.cmr@biagroup.com,B.P. 1935, DOUALA,CAMDA (Camerounaise de Distribution Alimentaire)
79,bicec@bicec.com,B.P. 1925, DOUALA,CAMEROON TEA ESTATES (CTE)
80,biotropical@biotropical.com,B.P. 12315, DOUALA,CAMEROUN ASSISTANCE SANITAIRE
81,"blessingpetro@blessingpetroleum.net, amedee.tchanpga@blessingpetroleum.net",PB 5405, DOUALA,CAMEROUN AUDIT CONSEIL
82,bocominter2002@yahoo.fr,B.P. 9546, DOUALA,CAMI TOYOTA
83,bollore.africa-logistics.cm@bollore.com,B.P. 4057, DOUALA,CAMLAIT
84,,, DOUALA,CAMRAIL
85,"bps_sarl11@yahoo.fr, commercial.bpsgroup@gmail.com",BP 15254, DOUALA,CAMTECH Sarl
86,contact@brainconsulting-bc.com,, DOUALA,CAMTRACK
87,bettina@buetec-broderie.com,B.P.3804, DOUALA,CAMWATER
88,Douala,"Rue des Ministres, Bonanjo",B.P. 829,CANAL + CAMEROUN
89,Yaoundé,Bastos Ecole Publique,,CAPA (Cameroon Alcohol Producers Association)
90,,,,CAPI CAMEROUN
91,societe.buns@yahoo.com,BP 1130, YAOUNDE,CBC (Commercial Bank of Cameroon)
92,cabinet.bg@gmail.com,B.P: 13170, YAOUNDE,CCA-Bank S.A (Crédit Communautaire d'Afrique - Bank S.A) 
93,contact.cmr@bureauveritas.com,B.P. 830, DOUALA,CDC (Cameroon Development Corporation)
94,ol_behle@yahoo.fr,B.P. 712, DOUALA,CECOTRAM Sarl
95,cabinet@cabinetnyemb.com,B.P: 4163, DOUALA,CENTRE SERVICES EXPRESS
96,"sa2_ousmanou@hotmail.com, ousman_z@cadev-afrique.org, cadev@cadev-afrique.org",BP 15810, YAOUNDE,CFAO TECHNOLOGIES
97,info@camair-co.net,B.P. 4852, DOUALA,CGA CoPME (Centre de Gestion Agrée - Confédération des Petites et Moyennes Entreprises)
98,ldemez@cfao.com,BP 12153, DOUALA,CGM/ G.K.M AUDIT et CONSEIL
99,"Ldemez@cfao.com, aferrer@cfao.com",B.P: 12153, DOUALA,CHANAS ASSURANCES S.A.
100,boumdago@yahoo.fr,, Douala,CHASLES CORPORATION
101,Douala,"Rue des Ministres, Bonanjo",B.P. 829,CHAZAI WAMBA
102,Yaoundé,Bastos Ecole Publique,,"CHOCOCAM (Chocolaterie, Confiserie du Cameroun)"
103,,,,CIFM- PALLISCO
104,contact1@cas-assistance.com,B.P. 2265, DOUALA,CIMAF (Ciments de l'Afrique Cameroun)
105,cacinternational@cac-international.com,B.P. 443, DOUALA,CIMENCAM (Cimenteries du Cameroun)
106,cami@cfao.com,B.P. 1217 Douala-Cameroun, DOUALA,CITIBANK OF CAMEROON
107,rkamga@camlait.com; pltoukam@camlait.com; gbfotso@camlait.cm;,B.P. 1838, DOUALA,CLGG (Consignation et Logistique du Golfe de Guinée)
108,courrier@camrail.net,B.P. 766, DOUALA,CMA CGM CAMEROUN
109,info@camtechgroup.net,, YAOUNDE,CNCC (Conseil National des Chargeurs du Cameroun )
110,sales@camtrack.net,, DOUALA,CNIC (Chantier Naval et Industriel du Cameroun S.A.)
111,,, DOUALA,CNPS
112,canalplus.cameroun@canal-plus.com ,B.P. 72, DOUALA,COFACE WEST AFRICA (Compagnie Française d'Assurance pour le Commerce Extérieur)
113,"sarah.bakanesimo@diageo.com, rmfondja@sabc-cm.com",, DOUALA,COGENI CAMEROUN SARL
114,Douala,"Rue des Ministres, Bonanjo",B.P. 829,COLGATE PALMOLIVE CAMEROUN
115,Yaoundé,Bastos Ecole Publique,,COMETAL
116,,,,COMPAGNIE INDUSTRIELLE PHARMACEUTIQUE (CINPHARM)
117,ag@capicameroun.com,, Douala,CONCEPT IMMOBILIER
118,cb-cameroun@groupecommercialbank.com,B.P. 4004, DOUALA,CONNECTIK HALL
119,cca@afrigroupe.com /  cca@cca-bank.com,1573 , YAOUNDE,CONSEILS ET SUIVIS LOGISTIQUES
120,info@cdc-cameroon.com,Bota-Limbe     South west province, DOUALA,CONSEILS ET SUIVIS LOGISTIQUES
121,cecotram2002@yahoo.fr,B.P: 564, DOUALA,CONSEILS FISCAUX ASSOCIES
122,cse_97@yahoo.fr/ csemosenjebayi@yahoo.fr,, DOUALA,COTCO S.A. (Cameroon Oil Transportation Company)
123,technologies@cfao.com,B.P. 12937, DOUALA,CPA (COMPAGNIE PROFESSIONNELLE D'ASSURANCE DU CAMEROUN)
124,centredegestionagreecopme@gmail.com / alain.coutchang@yahoo.fr,, ,CPET (Chambre Professionnelle  Des Experts Techniques du Cameroun)
125,cgmaudit@yahoo.fr,B.P. 4096, DOUALA,CREATIVE SARL
126,chanas@chanasassurances.com; mouloki@chanasassurances.com,B.P. 109, DOUALA,CREDIT POPULAIRE (Société Coopérative d'Epargne et de Crédit)
127,Douala,"Rue des Ministres, Bonanjo",B.P. 829,Croisiere BTP
128,Yaoundé,Bastos Ecole Publique,,CROPLIFE CAMEROUN
129,,,,CTA- SOTEXCAM S.A
130,"cnjea@chaslescorp.com, info@chaslescorp.com, sales@chaslescorp.com",BP : 2867 Douala-Cameroun, Douala,CTC (CAMEROUN TOBACCO COMPANY) 
131, contact@chazai-wamba.com,4937, Douala,CWEN (Cameroon Women Entrepreneurs Network)
132,"chococam@chococam.net; calixte.mbella@chococam.net, contact.chococam@tigerbrands.com",B.P. 275, DOUALA,Cyclone Sarl
133,info@pallisco-cifm.com,B.P. 394, DOUALA,DECORALIA
134,youssef.maddoun@cimentsafrique.com,B.P. 9457, DOUALA,DELOITTE
135,contact@cimencam.lafarge.com; nathalie.bayo@lafarge.com;,B.P. 1323, DOUALA,DELTA INDUSTRIES INTERNATIONAL S.A.
136,yinilah.ndahne@citigroup.com,B.P. 4571, DOUALA,DETAENERGY
137,commercial@clgg-cm.com; agencies@clgg-cm.com,B.P. 4054, DOUALA,DHL EXPRESS
138,dlo.agency@cma-cgm.com,2077, DOUALA,DHL GLOBAL FORWARDING
139,info@cncc.cm,B.P.1588, DOUALA,Dino & Fils S.A.
140,Douala,"Rue des Ministres, Bonanjo",B.P. 829,DIOOL CAMEROON SAS
141,Yaoundé,Bastos Ecole Publique,,DJEMO BTP
142,,,,DOHONE SA
143,CNIC@cnicyard.com ;  enquiries@CNICyard.com,B.P. 2389, DOUALA,DOVV Distribution Sarl
144,,, YAOUNDE,DOWNSTREAM CONSULTING SA
145,coface_westafrica@coface.com,B.P. 18342, DOUALA,DPDC (DIBAMBA POWER DEVELOPMENT COMPANY)
146,cogenicam@cogenicam.com,B.P. 5751, DOUALA,DREAM EVENT
147,"richard_fowang@colpal.com, ghislaine_likeng@colpal.com",1083, DOUALA,DTP CAMEROUN
148,cometal@tafinvestment.com,B.P. 4382, DOUALA,EASY PRINT
149,secretariat@cinpharm.net,, Douala,ECA-ERNST & YOUNG
150,conceptimmobilier1@gmail.com,BP: 12112 Douala-Cameroun, Douala,ECO -ASSURANCES
151,infos@connectik-group.com,17808, Douala,ECO SERVICES
152,info@cfpcsl.com,12840, DOUALA,ECOBANK CAMEROUN
153,Douala,"Rue des Ministres, Bonanjo",B.P. 829,ECTA-BTP (ETABLISSEMENTS CAMEROUNAIS DES TECHNICIENS ASSOCIES EN BATIMENT ET TRAVAUX PUBLICS )
154,Yaoundé,Bastos Ecole Publique,,EDOK - ETER CAMEROUN S.A.
155,,,,EFAB CORPORATE SARL 
156,info@cfpcsl.com,12840, DOUALA,EGEC (Entreprise générale d'Etudes et de Constructions)
157,ghtchente@conseilsfiscauxassocies.com ; ghtchente@yahoo.fr,, DOUALA,EGIS CAMEROUN SA
158,,"B.P. 3738 Douala, Cameroun", DOUALA,ElectIT Engineering
159,cpasiege@yahoo.fr,B.P. 54, DOUALA,ELECTRO-PLOMB Sarl
160,fredericdjeuhon@yahoo.fr,467 Av De Gaule, Douala,EMPLOI SERVICE S.A.
161,creative.sarl@yahoo.fr; marc.djoumessi@creativesarl.net;,B.P, DOUALA,ENEM
162,"ecpc@creditpopulairecm.com,  dgecpc@creditpopulairecm.com, president@creditpopulairecm.com, mediesse_emilie@creditpopulairecm.com",184, DOUALA,ENEO CAMEROUN S.A.
163,secretariat@croisierebtp.cm,3461, Yaoundé,EURO COSMETICS
164,info@croplife-cm.org,B.P. 3224, DOUALA,EUROPE AFRIQUE INTERIM S.A
165,gab.sotexcam@yahoo.com,B.P. 7616, DOUALA,EVOLVING CONSULTING
166,Douala,"Rue des Ministres, Bonanjo",B.P. 829,Executive & Leisure Travel Agency (ELTA)
167,Yaoundé,Bastos Ecole Publique,,EXPERTIZ Sarl
168,,,,EXPRESS EXCHANGE
169,accounting.secretary@ctccm.com,, DOUALA,EXPRESS UNION
170,camwomen2015@gmail.com,, ,FACE AUX RISQUES PROFESSIONNELS
171,info@cyclone-cm.com,362, Douala,FAFINSA
172,decoralia.events@yahoo.fr,BP 4406, DOUALA,FAYADORT S.A.
173,infocameroun@deloitte.com,B.P.5393, DOUALA,FERMENCAM (Société Camerounaise de Fermentations)
174,diabemoise@hotmail.fr,B.P. 18492, DOUALA,FIMEX INTERNATIONAL SA
175,detaenergy_sarl@yahoo.fr,B.P. 7326, DOUALA,FINANCIAL HOUSE S.A.
176,ousmanou.kouotou@dhl.com;,, DOUALA,FIRST TRUST S.A
177,dgfcm.cs@dhl.com,625, DOUALA,FIRSTRANSACT INTERNATIONAL SERVICES COMPANY (FISCO Sarl)
178,talom_justin@justawe.com,B.P. 12287, YAOUNDE,FISC'AF SARL
179,Douala,"Rue des Ministres, Bonanjo",B.P. 829,FLORE SERVICES SARL
180,Yaoundé,Bastos Ecole Publique,,"FME - GAZ, Les Gaz Industriels du Cameroun"
181,,,,FODECC (FONDS DE DEVELOPPEMENT DES FILIRES CACAO CAFE)
182,contact@diool.com ,482, Douala,FOURE LAGADEC CAMEROUN
183,ebtpbat@yahoo.fr; infos@djemo.cm,B.P. 8412, YAOUNDE,FULL OPTION SERVICES SARL
184,infos@my-dohone.com,BP 5033, YAOUNDE,G4S Security Services Cameroon Plc
185,dovvcam@yahoo.fr,B.P. 20829, YAOUNDE,GAP CONSULT
186,mbalkam@yahoo.fr,B.P. 5825, DOUALA,GEFAD CONSULTING
187,hadidjatou.goggo@globeleq.cm,BP 12063, DOUALA,GENERAL BUSINESS OF AFRICA
188,infos@dreamevent.biz,B.P. 8535, DOUALA,GEX (Groupement des Exportateurs Cacao/cafés)
189,d.bouchval@bouygues-construction.com,B.P. 12880, YAOUNDE,GFBC (Groupement de la Filière Bois au Cameroun)
190,experience@easygroup.agency,, DOUALA,GLOBAL LOGISTICS LTD
191,eca_sa@hotmail.com,B.P. 3340, DOUALA,GLOBAL SERVICES SARL
192,Douala,"Rue des Ministres, Bonanjo",B.P. 829,GPAC (GROUPEMENT PROFESSIONNEL DES ACCONIERS DU CAMEROUN)
193,Yaoundé,Bastos Ecole Publique,,GPP (GROUPEMENT DES PROFESSIONNELS DU PETROLE)
194,,,,GRAPHICS SYSTEM
195,michel.toguem@ecoassurances.com,B.P. 1500, DOUALA,Groupe Blaz Design Management & Investment S.A
196,dg.ecoservices@gmail.com,2192, Douala,GROUPE FOCALI
197,ecobankcm@ecobank.com; mfall@ecobank.com,B.P. 582, DOUALA,GROUPE INTER PRESS
198,contact@ecta-btp.com,B.P. 785, YAOUNDE,GROUPE NOJEMA
199,p_marelis@yahoo.fr; edoketer@yahoo.fr;,B.P. 1858, DOUALA,Groupe Scolaire Bilingue DUVAAL
200,anda@efab-corporate.com,, Yaoundé,GROUPEMENT DES INDUSTRIES MEUNIERES DU CAMEROUN
201,ejongl@camnet.cm; egeccameroun@yahoo.fr,B.P. 4111, DOUALA,GTS- FILTREX
202,contact.egis-cameroun@egiscameroun.com,BP 911, YAOUNDE,GTW (GALILEO TRAVELPORT WORLDSPAN)
203,info@electit.net,15163, Douala,GUCE-GIE (Guichet Unique des Opérations du Commerce Extérieur)
204,"info@electro-plomb.com, electroplomb@gmail.com",B.P: 12275, DOUALA,GUEST Cameroun
205,Douala,"Rue des Ministres, Bonanjo",B.P. 829,GUINNESS CAMEROUN S.A.
206,Yaoundé,Bastos Ecole Publique,,GULFIN S &T CO
207,,,,HACC (Huilerie Alimentaire et Chimique du Cameroun)
208,"emploiservice@emploiservice.cm, emploi_service@yahoo.fr",B.P. 7242, DOUALA,HARVEST ASSET MANAGEMENT
209,secretariat@enem-cameroun.cm; secretariat.enem@yahoo.fr,B.P. 3489, DOUALA,HAVAS AFRICA CAMEROUN
210,alexandre.siewe@eneo.cm,B.P. 4077, DOUALA,HEVECAM S.A.
211,,, DOUALA,HILTON YAOUNDE - CAMEROON HOTELS CORPORATION
212,,10071, Douala,HORIZON PHYTO PLUS SA
213,info@evolvingconsulting.com,BP 12507, YAOUNDE,HOTEL IBIS DOUALA
214,enquiries.douala@elta-travel-deals.com,B.P. 4911, DOUALA,HOTEL MONT FEBE
215,secretariat@expertiz.cm,BP 7444, DOUALA,HOTEL SAWA
216,info@expressexchange.net,B.P. 12554, DOUALA,HSD HUMAN RESOURCE SOLUTIONS LTD
217,info@expressunion.com; spdg@expressunion.net,B.P. 33088, YAOUNDE,HUAWEI Technologies Company Cam
218,Douala,"Rue des Ministres, Bonanjo",B.P. 829,HYDRAC SA (Hydrocarbures Analyses Contrôles)
219,Yaoundé,Bastos Ecole Publique,,HYSACAM SA
220,,,,IHS CAMEROON
221,"faceaurisque@yahoo.fr, faceauxrisques@faceauxrisques.cm",," Ndogsimbi, face ancien CNPS Bassa",IHS CAMEROON S.A.
222,"fafinsa@noubruholding.com, rebeccabehem@gmail.com",, YAOUNDE,INQ CREATORS
223,fayadort@fayadort.com,B.P.6260, DOUALA,INSTITUT SAINT JEAN
224,"fermencam@gmail.com, secretariat.fermencam@gmail.com",B.P. 13234, DOUALA,INSTITUT UNIVERSITAIRE DE LA COTE
225,fimex@fimex-international.com,B.P. 3224, DOUALA,INSTITUT UNIVERSITAIRE SIANTOU
226,blaise.kamdem@financialhouse.cm,B.P. 4531, YAOUNDE,INSTRUMELEC CAMEROUN
227,damase.gnonhossou@firsttrustcm.net; guillaume.ebele@firsttrustcm.net,B.P. 15271, DOUALA,INTEK
228,"Sikamj@simad.cm, Info@simad.cm",B.P. 2278, DOUALA,INTEL HR CONSULTING
229,reine.tamo@aec-cm.com,512, DOUALA,Intelcia Cameroun
230,floreservices@yahoo.fr,B.P.10114, DOUALA,INTER'ACTIV CONSULTING SARL
231,Douala,"Rue des Ministres, Bonanjo",B.P. 829,IT SERVICES SARL
232,Yaoundé,Bastos Ecole Publique,,JEFFERSONS GROUP
233,,,,JURITAX CONSEIL SARL
234,fme@tafinvestment.com,B.P. 13108, DOUALA,KAMIINI PRIVATE LLC
235,fodecc_06@yahoo.fr,B.P. 1510, YAOUNDE,KOMSON AFRICA LOGISTIC
236,lucienne.mafogang@fourelagadec.com; fl.cameroun@fourelagadec.com,B.P.3530, DOUALA,KPDC (KRIBI POWER DEVELOPMENT COMPANY)
237,"fulloptionservice.sarl@yahoo.com,  fulloption.sarl@yahoo.com ",B.P.: 10059 Akwa Douala-Cameroun, Douala,KPMG AFRIQUE CENTRALE
238,blanche.kemmogne@cm.g4s.com,B.P. 3798, DOUALA,L'ATRIUM
239,gap@gapconsultcm.com,B.P. 6805, DOUALA,LA NEGRESSE Sarl
240,kuissutherese@yahoo.fr ,, ,LA NOUVELLE EXPRESSION
241,generalbusiness@yahoo.fr,6754, DOUALA,LA PASTA SA
242,gex_cam@yahoo.fr,B.P. 12232, DOUALA,LA ROYALE DES JEUX DU CAMEROUN
243,gfbcam@yahoo.fr; ouoguia@yahoo.fr,B.P 495, YAOUNDE,LA SOLUTION
244,Douala,"Rue des Ministres, Bonanjo",B.P. 829,LES LABORATOIRES BIOPHARMA
245,Yaoundé,Bastos Ecole Publique,,LMT GROUP (AXESS) SA
246,,,,LOGISCAL INVESTMENT SARL
247,info@globallogistics.cm,BP 3861, DOUALA,Longstar Equipment Cameroun
248,infos@globalservices-sarl.com,B.P. 2533, DOUALA,LOTHE Consulting
249,gpac_sg@syndicatsmaritimes.org,, DOUALA,MAERSK LINE AGENCY CAMEROUN
250,gpp_cam@yahoo.fr ,829, DOUALA,MAHIMA SARL
251,graphicssystem@hotmail.com,3045 , Douala,MAÏSCAM SA
252,bd.blazdesign@gmail.com,, Yaoundé,MAT-LEC
253,focali2014@yahoo.fr,B.P: 11400, DOUALA,MAZARS CAMEROUN
254,interpressimprimerie@yahoo.fr,B.P. 20017, YAOUNDE,MC DISTRIBUTION
255,societenojema@yahoo.com,B.P. 4443, DOUALA,ME MULTIMEDIA SOLUTIONS
256,"romeodeffo@yahoo.fr,",, DOUALA,MEDIA PLUS SARL
257,Douala,"Rue des Ministres, Bonanjo",B.P. 829,MEDICARE SARL
258,Yaoundé,Bastos Ecole Publique,,MELODIUS Consulting
259,,,,METCH-ELEC
260,secretariatgeneral.gimc@yahoo.com,, Douala,METROPOLITANS PLASTICS S.A.
261,gts@gtsalarm.com; info@filtrex-cm.com/v.epesse@gts-filtrex.com,B.P. 11062, DOUALA,MISTER CLEAN
262,infogalileo@travelportcwa.com,B.P. 12069, DOUALA,MIT CHIMIE
263,guce-gie@guichetunique.org,B.P. 12679, DOUALA,Mobile Money Corporation Limited
264,info@guestcameroon.com,, ,MOLIGE S.A.R.L
265,Guinness.Cameroun@diageo.com,B.P. 1213, DOUALA,MP SOLUTIONS SARL
266,"info@gulfinstco.com, bayemi.eric@gulfinstco.com",, DOUALA,MSC (Mediterranean Shipping Company Cameroun)
267,haccdirection2018@yahoo.com,, Douala,MSMI (MULTI SERVICES MATERIEL INDUSTRIEL SARL)
268,info@hamgt.com,661, Douala,MTA CAMEROUN SA
269,havasmediacameroun@havasmedia.com,B.P. 263, DOUALA,MTN CAMEROON
270,Douala,"Rue des Ministres, Bonanjo",B.P. 829,MULTIPRINT LABELS & PACKAGING
271,Yaoundé,Bastos Ecole Publique,,NACYDATE SARL
272,,,,NAL BUSINESS & CORPORATION
273,"bayo@hevecam.com, adama@hevecam.com",B.P. 1298, DOUALA,NAMé RECYCLING SARL
274,reservations.yaounde@hilton.com,B.P. 11852, YAOUNDE,NATIONAL FINANCIAL CREDIT BANK
275,horizonphyto@horizonphytoplus.com,, Douala,NESTLE CAMEROUN
276,ho839@accor.com,B.P. 12086, DOUALA,NEWKO AUDIT
277,info@hotel-montfebe.com,B.P. 711, YAOUNDE,NEZAFI CAPITAL
278,reservation@hotelsawa.biz; hotelsawa@hotelsawa.com; lmpriso@hotelsawa.com,B.P. 2345, DOUALA,NOUBOU INTERNATIONAL HOTEL SA
279,cameroon.office@hsd-melt.com,B.P. 3948, DOUALA,NSIA
280,ngomom.serge@huawei.com,BP 4427, YAOUNDE,NT&C
281,hydrac@camnet.cm,B.P. 12806, DOUALA,OAPA (Observatoire Africain de la Pratique des Affaires)
282,hysacam_dg@hysacam-proprete.com,, Douala,OASIS MOTORS
283,Douala,"Rue des Ministres, Bonanjo",B.P. 829,OK FOODS
284,Yaoundé,Bastos Ecole Publique,,OK PLASTCAM Sarl
285,,,,OKALLA AHANDA & ASSOCIES
286,,BP 15115, DOUALA,OLAM CAM S.A.
287,martial.mbongue@ihstowers.com,BP : 15115 Douala-Cameroun, Douala,OMED VOYAGE
288,reachus@triberix.com,BP 8520, DOUALA,OMOA CAMEROUN S.A
289,info@institutsaintjean.org,BP 749, YAOUNDE,ONE WORLD BUSINESS SA
290,istdi@yahoo.fr  /  scolarité@istidi.net ,, Douala,ONZFI (Office National des Zones Franches Industrielles)
291,inscriptions@siantou.net,, Yaoundé,ORANGE CAMEROUN S.A.
292,infos@instrumelec.com,B.P. 8171, DOUALA,OUMAROU MOHAMADOU COMPANY (OMC)
293,intek@intek-cm.com,B.P, YAOUNDE,PAK (PORT AUTONOME DE KRIBI)
294,"derick.fonderson@intelhrc.com,",, Douala,PAMOL PLANTATIONS
295,alain.nsague@intelcia.com,12995, Douala,PANESS CONSEIL (Panafric Engineering and Services)
296,Douala,"Rue des Ministres, Bonanjo",B.P. 829,PANZANI CAMEROUN SA
297,Yaoundé,Bastos Ecole Publique,,PERENCO RIO DEL REY
298,,,,Perfect Services Sarl
299,interactivconsulting@yahoo.fr,BP 16257, YAOUNDE,PERFITCOM (Performance IT et Conseils en Management)
300,contact@its-nh.com,, YAOUNDE,PETROLEX CAMEROUN S.A
301,info@jeffersonsgroup.com,, Douala,PHP (Plantations de Haut  Penja)
302,juritax@juritaxconseil.com,, Douala,PIGIER CAMEROUN
303,sales@kamiini.com,BP 15571, DOUALA,PLASTICAM
304,komson.company@yahoo.com,B.P. 7203, DOUALA,POLYPHARMA SARL
305,hadidjatou.goggo@globeleq.cm,BP 12068, DOUALA,POMME ROUGE Sarl
306,thierrymbimi@kpmg.cm,, Douala,PORT AUTONOME DE DOUALA
307,rakesh@deeliteglobal.com,664, Douala,PPSM
308,lanegresses.a.r.l@yahoo.fr; ottoucressence@hahoo.fr,B.P.15668, DOUALA,PREMIUM FINANCIAL
309,Douala,"Rue des Ministres, Bonanjo",B.P. 829,PRICEWATERHOUSECOOPERS TAX & LEGAL
310,Yaoundé,Bastos Ecole Publique,,PRODIGY AVIATION SOLUTIONS
311,,,,PROMETAL
312,lanouvelleexpression2005@yahoo.fr; setchounkeu@yahoo.fr,, DOUALA,PROMODIS AFRIQ SARL
313,lapasta@cadyst-invest.com,B.P. 1887, DOUALA,PROXIMITY CARE SARL
314,victoirelajoie@premier-africa.com,, DOUALA,RAZEL CAMEROUN
315,infosolution@solutionchimie.com; jeanbosconjoya@solutionchimie.com,B.P. 7846, DOUALA,"REPTIC.CM (Réseau des Professionnels du Secteur des Télécoms, des TIC et du Numérique du Cameroun.) "
316,biopharma@camnet.cm,B.P.1674, DOUALA,ROYAL CHIMIE S.A
317,roger.nono@lmtgroup.com,BP 14183, YAOUNDE,RW KING
318,logicalinvestmentsarl@gmail.com,B.P. 18150, DOUALA,SAAGRY SARL
319,contact@longstarafrica.com,645, Douala,SAAR (Société Africaine d'Assurance et de Réassurances)
320,agence.lothe@yahoo.fr,B.P. 12727, YAOUNDE,SAB SARL (SIANTOU AFRICA BUILDING)
321,,12414, Douala,SABC (Société Anonyme des Brasseries du Cameroun)
322,Douala,"Rue des Ministres, Bonanjo",B.P. 829,SAE SA (SOCIETE AGROALIMENTAIRE EQUATORIALE)
323,Yaoundé,Bastos Ecole Publique,,SAFACAM (Société Africaine Forestière et Agricole du Cameroun)
324,,,,SAFCA - CAHIERS
325,contact@stemahima.com,B.P. 15430, DOUALA,SAGEMCOM Cameroun
326,begesth@yahoo.fr,B.P. 12472, DOUALA,SAICAM SARL
327,matlec@matlec.com,, DOUALA,SANLAM ASSURANCES
328,info@mazars.cm,B.P.3791, DOUALA,SANLAM LIFE
329,smaputh@hotmail.com,B.P.4327, DOUALA,SANOFI AFC
330,carole@me-msolutions.com; carolembessa@hotmail.com,BP 1717, YAOUNDE,SAPACI SARL (Société Africaine des Produits Alimentaires CIAMS Industries)
331,doohcollins@mediapluscam.com,B.P. 425, DOUALA,SAPTRANS
332, infos@medicare-group.org,, Douala,SCADTC (Syndicat des Commissionnaires Agrées en  Douane et  Transitaire du Cameroun)
333,claudelen.maellet@melodius.fr,B.P., YAOUNDE,SCB Cameroun (Societe Commerciale  de Banque Cameroun)
334,info@metch-elec.com; metchelecdla@yahoo.fr,, DOUALA,SCDP (Société Camerounaise des Dépôts Pétroliers)
335,Douala,"Rue des Ministres, Bonanjo",B.P. 829,SCI IMMO 2000
336,Yaoundé,Bastos Ecole Publique,,SCI PARADICIO
337,,,,SCIEC (SYNDICAT DES COMMERCANTS IMPORTATEURS EXPORTATEURS DU CAMEROUN)
338,metropolitan_secretariat@yahoo.com; metropolitan_sm@yahoo.com,B.P.398, LIMBE,SCIN (Societe Camerounaise d'intermediation et de négoce)
339,misterclean87@gmail.com,B.P. 09, DOUALA,SCR MAYA & Co (Société Camerounaise de Raffinage MAYA et Cie)
340,info@mitchimie.com; emmanuelwafo@mitchimie.com,B.P. 8722, DOUALA,SCS (SOCIETE CAMEROUNAISE DE SAVONNERIE)
341,mmc.contact@mtn.com,15574, Douala,SCTM (Société Camerounaise de Transformation Métallique)
342,molige_sarl@yahoo.fr,B.P.12028, DOUALA,SDAD (Société de Distribution & d'Achats Divers)
343,contact@mpsolutions.org,, Douala,SDCRA
344,cmt.info@msc.com,, Douala,SECA ( Services Camerounais d'Assainissement )
345,infos@msmi-cameroun.com,B.P. 7584, DOUALA,SECEL
346,mta.cameroun@mta-dc.com,B.P. 4448, DOUALA,SECURITY SERVICES GROUP
347,Suzanne.Hot@mtn.com; marie-louise.nkembe@mtn.com; yetna_d@mtncameroon.net,B.P. 15574, Douala,SEMAGRI Sarl
348,Douala,"Rue des Ministres, Bonanjo",B.P. 829,SEREMAC Sarl
349,Yaoundé,Bastos Ecole Publique,,SFID S.A.
350,,,,SGMC (Société les Grands Moulins du Cameroun)
351,fatime.karagama@multiprint.cm; commerciaux@multiprint.cm,B.P. 5238 Douala-Cameroun, DOUALA,SGS CAMEROUN S.A.
352,nino@nacydate.com,, DOUALA,SHOOTING STAR
353,"nalbusiness@nalbusiness.cm, L.nintcheu@nalbusiness.cm",B.P. 1628, DOUALA,SIC (Société Immobilière du Cameroun)
354,contact@name-recycling.com,112878, LIMBE,SIC CACAOS
355,infi@nfcbanksa.com,B.P. 6578, YAOUNDE,SIKA CAMEROON
356,siege.nestlecameroun@cm.nestle.com,B.P. 2622, DOUALA,SIMTECH-3D  SARL
357,charles.kooh@newko-cm.com ;  ckooh2@yahoo.fr,B.P. 1227, DOUALA,SIPP (SOCIETE INDUSTRIELLE DES PRODUITS PHARMACEUTIQUES)
358,infos@nezafi.com,, YAOUNDE,SIVO CENTRAL AFRICA
359,"reservations@noubouinternationalhotel.com,",B.P: 4168, DOUALA,SMPC (Société Moderne du Pneumatique Camerounais)
360,"esther.tiako@groupensia.com, nsia.cm@groupensia.com",B.P. 2759, DOUALA,SMS CAMEROUN
361,Douala,"Rue des Ministres, Bonanjo",B.P. 829,SMT
362,Yaoundé,Bastos Ecole Publique,,SNAVTC (Syndicat Nationale des Agences de Voyage et de Tourisme du Cameroun)
363,,,,SNI (Société Nationale des Investissements)
364,ntc@camnet.cm,B.P. 15345, DOUALA,SNTS (Société Nationale de Transit et de Services)
365,contact@oapa-abcs.org,, YAOUNDE,SOACAM (SOCIETE ALIMENTAIRE DU CAMEROUN)
366,info@oasismotors.com,, DOUALA,SOCAPALM (Société Camerounaise des Palmeraies)
367,h.assi@okfoods-cam.com,, DOUALA,SOCARTO (Sté Camerounaise de Cartonnages et de Fournitures de matériel  scolaire & Bureau)
368,info@okplastcam.com,B.P. 3033, DOUALA,SOCATAM
369,oakalla@okalla-ahanda.com,B.P. 12628, DOUALA,SOCATUR S.A.
370,"cameroon@olamnet.com; alaindidier.b@olamnet.com, olamcameroun@damnet.com ",B.P. 5207, DOUALA,SOCIETE  QUIFEUROU
371,omed.douala@yahoo.com,, DOUALA,Société 8P Transit S.A
372,jdchepda@omoa-group.com,12580, Douala,SOCIETE DES ETABLISSEMENTS MONKAM (SEM)
373,oneworldbusiness@oneworld-b.com,BP 15688, DOUALA,SOCIETE DES PARCS A BOIS DU CAMEROUN
374,Douala,"Rue des Ministres, Bonanjo",B.P. 829,SOCIETE GENERALE CAMEROUN (SGC)
375,Yaoundé,Bastos Ecole Publique,,Société Nationale de Transit et de Services (SNTS)
376,,,,Société TCHIN-PAS SARL
377,onzfi@onzfi.org; rtchouanga@yahoo.fr,B.P. 925, DOUALA,SOCIETE TIGUI SA
378,samuel.ngondi@orange.com,B.P. 1864, DOUALA,SOCIPEC SARL
379,contact@omcsarl.com / bassoro@omcsarl.com,BP : 2096 Douala, Douala,SOCOMAR SA
380,contact@pak.cm,203 , Kribi,SODECOTON (Société de Développement du Coton du Cameroun)
381,pamol-lbe@pamol-plantations.com;  pamol-dla@pamol-plantation.com,B.P. 5483, DOUALA,SOFITOUL S.A.
382,contact@paness.net,B.P. 5528, DOUALA,SOGECO
383,panzanicameroun@cadyst-invest.com,B.P. 848, DOUALA,SOLEVO CAMEROUN
384,jekeke@cm.perenco.com,B.P. 12554, DOUALA,SOLEX SARL
385,support@perfectservicessarl.com,6736, Douala,SONARA  (Société Nationale de Raffinage)
386,info@perfitcom.com,665 Rue Boue de Lapayrere, Douala,SOREPCO
387,Douala,"Rue des Ministres, Bonanjo",B.P. 829,SOSUCAM (Société Sucrière du Cameroun)
388,Yaoundé,Bastos Ecole Publique,,SOURCE DU PAYS
389,,,,SOYA BEANS PROCESSING INDUSTRY OF CAMEROON (SOPROICAM) S.A
390,petrolex@petrolex.net,B.P. 1590, DOUALA,SPECTRUM SARL
391,r.temkou@phpcam.net,B.P. 15317, DOUALA,SPEED APPRO
392,"henritafou@yahoo.fr, pigierdouala@yahoo.fr, pigierdouala@pigiercam.com ",B.P. 1133, DOUALA,ST DIGITAL
393,dir.general@plasticam.net; d.plasticam@gmail.com,B.P. 4071, DOUALA,STANDARD CHARTERED BANK CAMEROON S.A.
394,polypharma90@polypharma90.com,B.P.8143, DOUALA,STYLE.COM SARL
395,pommerougecm@gmail.com,1099, Douala,SUMOCAM ( Sucreries Modernes du Cameroun )
396,pad@portdedouala.cameroun.com,B.P. 4020, DOUALA,SUMU ASSURANCES VIE CAMEROUN
397,info@assacam.com,B.P. 1567, DOUALA,SUNDA Cameroun Ltd
398,mirelle.ngani@premium-financial.com,, DOUALA,SUNU CAMEROUN
399,nadine.tinen@cm.pwc.com,, DOUALA,SYNDUSTRICAM (Syndicat des Industriels du Cameroun)
400,Douala,"Rue des Ministres, Bonanjo",B.P. 829,SYPRODIS
401,Yaoundé,Bastos Ecole Publique,,TAC (Tôles et Aciers du Cameroun)
402,,,,TAF INVESTMENT GROUP
403,info@prodigyaviationsolutions.com / idriss@prodigyaviationsolutions.com,5754, DOUALA,TECHNOLOGIE ZENTRUM SARL
404,info@prometal-cm.com,, DOUALA,TEFON HR
405,ngouchet@yahoo.fr,B.P.8928, DOUALA,TELCAR COCOA LTD
406,proximitycare2013@yahoo.com / proximitycare2013@gmail.com,B.P: 1056, DOUALA,THELI RP
407,"yleferec@razel.fr, fngono@razel.fr",B.P. 11306, YAOUNDE,TOTALENERGIES MARKETING CAMEROUN S.A.
408,contact@reptic.cm ; reptic.cm@gmail.com ; pfkamanou@gts-infotel.com ,, YAOUNDE,TPM SA (Transformation of Plastics and Metals)
409,info@royalchimie-phyto.cm / royal.chimie@gmail.com,5724, DOUALA,TRACTAFRIC EQUIPEMENT
410,"rwking@rwkingcam.com, claude.ngankeng@rwkingcam.com ",, DOUALA,TRADE WOOD & SERVICES Sarl
411,"info@saagry.cm, saagry@yahoo.fr",B.P. 15170, DOUALA,TRADIMCO SARL (TRADING MANAGEMENT COMPANY)
412,gkagou@saar-assurances.com; yvymai@yahoo.fr; contact@saar-assurances.com,B.P. 1011, DOUALA,TRANSIMAR SA
413,Douala,"Rue des Ministres, Bonanjo",B.P. 829,TRANSIMEX CAMEROUN
414,Yaoundé,Bastos Ecole Publique,,TROPIK INDUSTRIES CAMEROUN
415,,,,UBA (United Bank for Africa)
416,sabinternational2015@gmail.com,, Yaoundé,UBC (UNION BANK OF CAMEROON PLC)
417,rmfondja@sabc-cm.com,B.P. 4036, DOUALA,UCAM (UNION DES CONSIGNATAIRES ET ARMATEURS DU CAMEROUN)
418,sae@cadyst-invest.com,BP 1781, DOUALA,UCB (Union Camerounaise de Brasseries)
419,myateng@safacam.com,, DOUALA,UNALOR (Union Allumettière Equatoriale)
420,safca3@yahoo.fr,B.P. 1485, DOUALA,UNITED BUSINESS MACHINES
421,boubacar.diandy@sagemcom.com,, Douala,UTI ( Union Trading International)
422,saicamco@yahoo.fr,, Bafoussam,UTSCH CAMEROUN
423,cameroun@sahamassurance.com,BP 12125, Douala,VELIA SARL
424,martin.foncha@sahamassurance.com,B.P.267, DOUALA,WARTSILA
425,"guy-olivier.mbianda@sanofi.com, marie.ndengue@sanofi.com",B.P. 929, DOUALA,WCI (WORLD CAR INDUSTRY )
426,Douala,"Rue des Ministres, Bonanjo",B.P. 829,WIJMA CAMEROUN S.A.
427,Yaoundé,Bastos Ecole Publique,,WILLIS TOWERS WATSON CAMEROUN
428,,,,WISDOM INTERNATIONAL
429,sapaci2000@yahoo.fr,, ,YOOMEE Cameroun
430,"contact@sapougroup.cm, sapou.etienne@sapougroup.cm",B.P. 191, Douala,YUP CAMEROUN S.A
431,syndmar_gpac@yahoo.fr,B.P. 73, DOUALA,ZATI CONSTRUCTIONS
432,ca_scb@scbcameroun.com,B.P. 300, Douala,ZENITHE INSURANCE SA
433,sdg-scdp@yahoo.fr/blaiseatangana2010@hotmail.fr,B.P. 2271, DOUALA,
434,fondjajules@yahoo.fr,B.P 15330, DOUALA,
435,mbogo_flamboyant@yahoo.fr,13592, YAOUNDE,
436,gicam@legicam.org,B.P. 829, DOUALA,
437,scinafrique@yahoo.fr,, DOUALA,
438,"scrmaya@camnet.cm; transitscrm@hotmail.com, secretariatdg@scrmaya.com",B.P. 2851, DOUALA,
439,Douala,"Rue des Ministres, Bonanjo",B.P. 829,
440,Yaoundé,Bastos Ecole Publique,,
441,,,,
442,scs.sarl@yahoo.fr,, BAFOUSSAM,
443,sctm_2004@yahoo.fr,B.P. 9091, DOUALA,
444,ssdadsarl@yahoo.com,B.P. 8693, DOUALA,
445,sdcrasarl1@gmail.com/ moboustella@yahoo.fr,3099, DOUALA,
446,seca.hysacam@gmail.com,B.P.2172, DOUALA,
447,infodla@secelgroup.com; infosyde@secelgroup.com,, DOUALA,
448,ssgcameroon@ymail.com,BP 4997, DOUALA,
449,"semagri@semagricmr.com, alain.kanmegne@agrivisionsmr.com ",B.P. 5655, DOUALA,
450,seremac.sarl@yahoo.fr,B.P.7505," YAOUNDE, Ngousso, derrière station blessing",
451,info-sfid@groupe-rougier.com,B.P. 1343, DOUALA,
452,Douala,"Rue des Ministres, Bonanjo",B.P. 829,
453,Yaoundé,Bastos Ecole Publique,,
454,,,,
455,directionsgmc@sgmc.somdiaa.com,B.P. 3509, DOUALA,
456,edith.bebey@sgs.com; annie.joky@sgs.com ,DG , DOUALA,
457,sstar@camnet.cm,, DOUALA,
458, info@sic.cm,B.P. 387, YAOUNDE,
459,pierluigi_passera@barry-callebaut.com ,B.P. 570, DOUALA,
460,ndame.emelienne@cm.sika.com / kamdem.eric@cm.sika.com,BP 1049, DOUALA,
461,info@simtech3d.com,B.P. 8210, DOUALA,
462,"sipp@sippcameroun.com, sboubakary@cadyst-invest.com",BP 4403, YAOUNDE,
463, mohamed.agrebi@essilor.com,, Douala,
464,cyil.fahy@michelin.com,, DOUALA,
465,Douala,"Rue des Ministres, Bonanjo",B.P. 829,
466,Yaoundé,Bastos Ecole Publique,,
467,,,,
468,"info@smscameroun.com, fpaliliki@smscameroun.com",B.P. 3825, DOUALA,
469,"jerome.francois@smt-group.com, info.africa@smt.network ",3553," DOUALA, CAMEROUN",
470,,BP 5336, DOUALA,
471,sni@sni.cm,B.P. 423, YAOUNDE,
472,marie.bell@camnet.cm / sntsnordsudcti@yahoo.fr,1341, DOUALA,
473,soacam@yahoo.fr / alcali.amine@soacam.cm,17355, DOUALA,
474,socapalm@socapalm.com; rlienou@socapalm.org,B.P. 691, DOUALA,
475,"contact@socarto.com,  jean-jacques.epee-same@socarto.com , jeanjacquessameepee@yahoo.fr",B.P. 5028, DOUALA,
476,contact@socatam.com,B.P. 3941, DOUALA,
477,socatur@hotmail.fr; lydienne_nb@yahoo.fr,B.P. 1347, DOUALA,
478,Douala,"Rue des Ministres, Bonanjo",B.P. 829,
479,Yaoundé,Bastos Ecole Publique,,
480,,,,
481,emmanuel.peughouia@groupequifeurou.com;,B.P 6787, Douala,
482,societe8ptransit@yahoo.fr,13224, Douala,
483,infos@groupemonkam.com,B.P.: 5300 Douala-Cameroun, DOUALA,
484,sepbc.cameroun@bollore.com,, Douala,
485,mareme.mbaye@socgem.com,B.P. 4042, DOUALA,
486,mame.bell@camnet.cm,, DOUALA,
487,clovislontsi@icloud.com,30324, YAOUNDE,
488,fant.said@gmail.com,BP 566, YAOUNDE,
489,tacicam@yahoo.fr,B.P. 12132, DOUALA,
490,socinfo@socomar-cameroun.com,, DOUALA,
491,Douala,"Rue des Ministres, Bonanjo",B.P. 829,
492,Yaoundé,Bastos Ecole Publique,,
493,,,,
494,sodecoton@sodecoton.cm,B.P. 302, GAROUA,
495,info@sofitoul.com,B.P. 20062, Yaoundé,
496,"cmoumbe07@yahoo.fr, sogecobafoussam@yahoo.fr",, ,
497,helene.dimene@solevogroup.com,B.P. 2368, DOUALA,
498,info@solextgv.com,BP 15814, DOUALA,
499, contact@sonara.cm,B.P. 365, LIMBE,
500,sorepco.sa@gmail.com,B.P. 2854, DOUALA,
501,yde-secretariat@sosucam.somdiaa.com,B.P. 857, YAOUNDE,
502,fakhouryali@hotmail.fr; secretariat.direction@sourcedupays.com,B.P.914, DOUALA,
503,info@soproicam.cm,13135, Douala,
504,Douala,"Rue des Ministres, Bonanjo",B.P. 829,
505,Yaoundé,Bastos Ecole Publique,,
506,,,,
507,,4883, DOUALA,
508,speed.appro@netcourrier.com; speed.appro@yahoo.fr,B.P. 1923, DOUALA,
509,info@st.digital.com,, DOUALA,
510,"pascale-fride.balem@cm.standardchartered.com, marie-paul.matouke@sc.com, yimga.nyassi@sc.com, Vincent.ngimbock@sc.com, jean-arsene.yerima@sc.com",B.P. 1784, DOUALA,
511,stylecomsarl@gmail.com / didyevrard@gmail.com,, DOUALA,
512,"sodipa@camnet.cm, sumocamsarl@yahoo.fr",B.P.5802, DOUALA,
513,cameroun.vie@sumu-group.com,BP : 2153 Douala-Cameroun, Douala,
514,,, DOUALA,
515,cameroun.vie@sumu-group.com,B.P.2153 Douala-Cameroun, Douala,
516,doualasyndustricam@yahoo.fr; syndustricamyaounde@yahoo.fr,"B.P. 673 (Dla), 1516 (Ydé)", DOUALA,
517,Douala,"Rue des Ministres, Bonanjo",B.P. 829,
518,Yaoundé,Bastos Ecole Publique,,
519,,,,
520,"mouzong_jc@yahoo.fr, aminkala@yahoo.fr",, Douala,
521,tac@taccm.net,B.P. 15197, DOUALA,
522,taf@tafinvest.com,B.P. 1500, DOUALA,
523,techno_zentrum@yahoo.fr,B.P. 12503, DOUALA,
524,tefonhr@tefonservices.com,254, Douala,
525,eokie@telcarcocoa.com,B.P. 887, DOUALA,
526,quotidien_economique@yahoo.fr,B.P. 312, YAOUNDE,
527,total@total.cm,, Douala,
528,cac_vis3@yahoo.fr,, Douala,
529,contact.cameroun@tractafrictae.com,, DOUALA,
530,Douala,"Rue des Ministres, Bonanjo",B.P. 829,
531,Yaoundé,Bastos Ecole Publique,,
532,,,,
533,tws.sarl@gmail.com,B.P. 2155, DOUALA,
534,etouflo@yahoo.fr,B.P, YAOUNDE,
535,transimartransimar@yahoo.fr,B.P. 2431, DOUALA,
536,info@transimex-cm.com; ousmanou@transimex-cm.com,B.P. 3191, DOUALA,
537,akamtchouang@yahoo.fr,B.P.2895, DOUALA,
538,yves.soumelong@ubagroup.com,, DOUALA,
539,,B.P. 15569, DOUALA,
540,ucam@ucamsyndicat.net; ucamsyndicat@yahoo.com,B.P. 1401, DOUALA,
541,kadjin@sa-ucb.com; feyou@sa-ucb.com,B.P. 638, DOUALA,
542,unalor_dla@yahoo.fr; ngeudeu@yahoo.fr,B.P. 988, DOUALA,
543,Douala,"Rue des Ministres, Bonanjo",B.P. 829,
544,Yaoundé,Bastos Ecole Publique,,
545,,,,
546,contact@ubm72.com / fpetto@ubm72.com,, ,
547,direction@uticameroun.com,B.P.5327, DOUALA,
548,utschcam@yahoo.fr,B.P. 7268, DOUALA,
549,"olivierdontsop@veliasarl.com, veliasarl@yaho.fr",BP 837, DOUALA,
550,catherine.wedjou@wartsila.com,, DOUALA,
551,simotahakam@yahoo.fr; worldindustrycar@yahoo.fr,, DOUALA,
552,j.riviere@wijma.cm,B.P. 1616, DOUALA,
553,gras.savoye@cm.grassavoye.com,B.P. 3014, DOUALA,
554,julesfabricefuture@gmail.com,4731, DOUALA,
555,"eric.tamko@yoomee.cm, support@yoomee.cm",B.P. 2403, DOUALA,
556,Douala,"Rue des Ministres, Bonanjo",B.P. 829,
557,Yaoundé,Bastos Ecole Publique,,
558,,,,
559,david.ekwabi@socgen.com,4042, DOUALA,
560,zati.construction@yahoo.fr,BP 7786, DOUALA,
561, info@zenitheinsurance.com,, Douala,
562,Douala,"Rue des Ministres, Bonanjo",B.P. 829,
563,Yaoundé,Bastos Ecole Publique,,
564,,,,
