,Entreprise_name,personal_link
0, BOURSE DES VALEURS MOBILIÈRES DE L’AFRIQUE CENTRALE (BVMAC),https://www.legicam.cm/index.php/p/douala-stock-exchange-dsx
1,3T CAMEROUN,https://www.legicam.cm/index.php/p/3t-cameroun-1
2,ABB (ASEA BROWN BOVERI),https://www.legicam.cm/index.php/p/abb-asea-brown-boveri
3,ABIOGeT,https://www.legicam.cm/index.php/p/abioget
4,AC2P (ASSOCIATION CAMEROUNAISE DES PROFESSIONNELS DE LA PLASTURGIE ),https://www.legicam.cm/index.php/p/ac2p-association-camerounaise-des-professionnels-de-la-plasturgie
5,ACAM VIE S.A,https://www.legicam.cm/index.php/p/acam-vie-sa
6,ACAMET,https://www.legicam.cm/index.php/p/acamet
7,ACE (African Consulting Entreprise),https://www.legicam.cm/index.php/p/ace-african-consulting-entreprise
8,ACTIVA ASSURANCES,https://www.legicam.cm/index.php/p/activa-assurances
9,ADDAX PETROLEUM CAMEROON Ltd,https://www.legicam.cm/index.php/p/addax-petroleum-cameroon-ltd
10,ADIC (African Distilling Company SA),https://www.legicam.cm/index.php/p/adic-african-distilling-company-sa
11,AFRICA BUSINESS CENTER,https://www.legicam.cm/index.php/p/africa-business-center
12,AFRICA PREMIUM CONSULTING,https://www.legicam.cm/index.php/p/africa-premium-consulting
13,AFRICA WORKS,https://www.legicam.cm/index.php/p/africa-works
14,AFRICAN TRADING COMPANY Sarl,https://www.legicam.cm/index.php/p/african-trading-company-sarl
15,AFRILAND FIRST BANK,https://www.legicam.cm/index.php/p/afriland-first-bank
16,AFRIMAR S.A.,https://www.legicam.cm/index.php/p/afrimar-sa
17,AFRIQUE AUDIT CONSEIL,https://www.legicam.cm/index.php/p/afrique-audit-conseil
18,AFRO PETRO & BUSINESS SOLUTIONS,https://www.legicam.cm/index.php/p/afro-petro-business-solutions
19,AG PARTNERS CAMEROUN PUBLICIS AFRICA GROUP,https://www.legicam.cm/index.php/p/ag-partners-cameroun-publicis-africa-group
20,AGGREKO CAMEROUN Ltd,https://www.legicam.cm/index.php/p/aggreko-cameroun-ltd
21,AGPC (Association pharmaceutique des grossistes du Cameroun),https://www.legicam.cm/index.php/p/agpc-association-pharmaceutique-des-grossistes-du-cameroun
22,AGROCHEM,https://www.legicam.cm/index.php/p/agrochem
23,AIGLE VOYAGES,https://www.legicam.cm/index.php/p/aigle-voyages
24,AJ AND PARTNERS,https://www.legicam.cm/index.php/p/aj-and-partners
25,AJC GRAPHIC,https://www.legicam.cm/index.php/p/ajc-graphic
26,AKWA PALACE ,https://www.legicam.cm/index.php/p/akwa-palace-pullman
27,ALIOS FINANCES CAMEROUN,https://www.legicam.cm/index.php/p/alios-finances-cameroun
28,ALLIANZ CAMEROUN,https://www.legicam.cm/index.php/p/allianz-cameroun
29,ALM CONSULTANTS,https://www.legicam.cm/index.php/p/alm-consultants
30,ALPICAM (Alpi Pietro et Fils Cameroun Sarl),https://www.legicam.cm/index.php/p/alpicam-alpi-pietro-et-fils-cameroun-sarl
31,ALUCAM (Aluminium du Cameroun),https://www.legicam.cm/index.php/p/alucam-aluminium-du-cameroun
32,AMD Sarl (Aciers et Métaux Divers),https://www.legicam.cm/index.php/p/amd-sarl-aciers-et-metaux-divers
33,ANEMCAM (Association Nationale des Etablissements de Microfinance du Cameroun),https://www.legicam.cm/index.php/p/anemcam-association-nationale-des-etablissements-de-microfinance-du-cameroun
34,APAVE CAMEROUN,https://www.legicam.cm/index.php/p/apave-cameroun
35,APECCAM (Association Professionnelle des Etablissements de Crédit du Cameroun),https://www.legicam.cm/index.php/p/apeccam-association-professionnelle-des-etablissements-de-credit-du-cameroun
36,APM SA (Agence de Prestations Maritimes),https://www.legicam.cm/index.php/p/apm-sa-agence-de-prestations-maritimes
37,AREA ASSURANCES,https://www.legicam.cm/index.php/p/area-assurances
38,ARNO SA,https://www.legicam.cm/index.php/p/arno-sa
39,ASAC (ASSOCIATION DES SOCIETES D'ASSURANCES DU CAMEROUN),https://www.legicam.cm/index.php/p/asac-association-des-societes-dassurances-du-cameroun
40,ASCESE,https://www.legicam.cm/index.php/p/ascese
41,ASCOMA CAMEROUN,https://www.legicam.cm/index.php/p/ascoma-cameroun
42,ASQUINI ENCORAD,https://www.legicam.cm/index.php/p/asquini-encorad
43,AT GRAPHILINE INDUSTRY,https://www.legicam.cm/index.php/p/at-graphiline-industry
44,ATLANTIQUE ASSURANCES CAMEROUN-IARDT,https://www.legicam.cm/index.php/p/atlantique-assurances-cameroun-iardt
45,AUDITEC FOIRIER CONSULTING S.A,https://www.legicam.cm/index.php/p/auditec-foirier-consulting-sa
46,AURORE  METAL INDUSTRY Sarl,https://www.legicam.cm/index.php/p/aurore-express-services-sarl
47,AUTOHAUS S.A.,https://www.legicam.cm/index.php/p/autohaus-sa
48,AUTORITE PORTUAIRE NATIONALE,https://www.legicam.cm/index.php/p/autorite-portuaire-nationale
49,AVILYOS,https://www.legicam.cm/index.php/p/tnt-africa-cameroun
50,AWEP (African Women Entrepreneurship Program),https://www.legicam.cm/index.php/p/awep-african-women-entrepreneurship-program
51,AXA ASSURANCES CAMEROUN,https://www.legicam.cm/index.php/p/axa-assurances-cameroun
52,B&C (BRAND & CONSUMERS),https://www.legicam.cm/index.php/p/bc-brand-consumers
53,BANQUE ATLANTIQUE CAMEROUN,https://www.legicam.cm/index.php/p/banque-atlantique-cameroun
54,BAT CAMEROUN,https://www.legicam.cm/index.php/p/bat-cameroun
55,BAT TRANSIT AND SERVICE Cie,https://www.legicam.cm/index.php/p/bat-transit-and-service-cie
56,BB VISION,https://www.legicam.cm/index.php/p/bb-vision
57,BENEFICIAL LIFE INSURANCE S.A,https://www.legicam.cm/index.php/p/beneficial-general-insurance-sa
58,BERYO International,https://www.legicam.cm/index.php/p/beryo-international
59,BGFI BANK CAMEROUN,https://www.legicam.cm/index.php/p/bgfi-bank-cameroun
60,BIA Cameroun S.A.,https://www.legicam.cm/index.php/p/bia-cameroun-sa
61,BICEC,https://www.legicam.cm/index.php/p/bicec
62,BIOTROPICAL,https://www.legicam.cm/index.php/p/biotropical
63,BLESSING PETROLEUM SA,https://www.legicam.cm/index.php/p/blessing-petroleum-sa
64,BOCOM INTERNATIONAL,https://www.legicam.cm/index.php/p/bocom-international
65,BOLLORE TRANSPORTS & LOGISTICS CAMEROUN,https://www.legicam.cm/index.php/p/bollore-africa-logistics-cameroun
66,BOLUDA Cameroun,https://www.legicam.cm/index.php/p/boluda-cameroun
67,BPS (BUSINESS & PARTNERS SERVICES SARL),https://www.legicam.cm/index.php/p/bps-business-partners-services-sarl
68,BRAIN CONSULTING,https://www.legicam.cm/index.php/p/brain-consulting
69,BUETEC BRODERIE SARL,https://www.legicam.cm/index.php/p/buetec-broderie-sarl
70,BUNS (SOCIETE BUNS),https://www.legicam.cm/index.php/p/buns-societe-buns
71,BUREAU DE GESTION,https://www.legicam.cm/index.php/p/bureau-de-gestion
72,BUREAU VERITAS DOUALA,https://www.legicam.cm/index.php/p/bureau-veritas
73,CABINET BEHLE ET ASSOCIES,https://www.legicam.cm/index.php/p/cabinet-behle-et-associes
74,CABINET NYEMB,https://www.legicam.cm/index.php/p/cabinet-nyemb
75,CADEV (CENTRE AFRICAIN POUR LE DROIT ET LE DEVELOPPEMENT),https://www.legicam.cm/index.php/p/cadev-centre-africain-pour-le-droit-et-le-developpement
76,CAMAIR-CO SA,https://www.legicam.cm/index.php/p/camair-co-sa
77,CAMDA (Camerounaise de Distribution Alimentaire,https://www.legicam.cm/index.php/p/camda-camerounaise-de-distribution-alimentaire
78,CAMDA (Camerounaise de Distribution Alimentaire),https://www.legicam.cm/index.php/p/camda-camerounaise-de-distribution-alimentaire_1
79,CAMEROON TEA ESTATES (CTE),https://www.legicam.cm/index.php/p/cameroon-tea-estates-cte
80,CAMEROUN ASSISTANCE SANITAIRE,https://www.legicam.cm/index.php/p/cameroun-assistance-sanitaire
81,CAMEROUN AUDIT CONSEIL,https://www.legicam.cm/index.php/p/cameroun-audit-conseil
82,CAMI TOYOTA,https://www.legicam.cm/index.php/p/cami-toyota
83,CAMLAIT,https://www.legicam.cm/index.php/p/camlait
84,CAMRAIL,https://www.legicam.cm/index.php/p/camrail
85,CAMTECH Sarl,https://www.legicam.cm/index.php/p/camtech-sarl
86,CAMTRACK,https://www.legicam.cm/index.php/p/camtrack
87,CAMWATER,https://www.legicam.cm/index.php/p/camwater
88,CANAL + CAMEROUN,https://www.legicam.cm/index.php/p/canal-cameroun
89,CAPA (Cameroon Alcohol Producers Association),https://www.legicam.cm/index.php/p/capa-cameroon-alcohol-producers-association
90,CAPI CAMEROUN,https://www.legicam.cm/index.php/p/capi-cameroun
91,CBC (Commercial Bank of Cameroon),https://www.legicam.cm/index.php/p/cbc-commercial-bank-of-cameroon
92,CCA-Bank S.A (Crédit Communautaire d'Afrique - Bank S.A) ,https://www.legicam.cm/index.php/p/cca-sa-credit-communautaire-d-afrique
93,CDC (Cameroon Development Corporation),https://www.legicam.cm/index.php/p/cdc-cameroon-development-corporation
94,CECOTRAM Sarl,https://www.legicam.cm/index.php/p/cecotram-sarl
95,CENTRE SERVICES EXPRESS,https://www.legicam.cm/index.php/p/centre-services-express
96,CFAO TECHNOLOGIES,https://www.legicam.cm/index.php/p/cfao-technologies
97,CGA CoPME (Centre de Gestion Agrée - Confédération des Petites et Moyennes Entreprises),https://www.legicam.cm/index.php/p/cga-copme-centre-de-gestion-agree-confederation-des-petites-et-moyennes-entreprises
98,CGM/ G.K.M AUDIT et CONSEIL,https://www.legicam.cm/index.php/p/cgm-gkm-audit-et-conseil
99,CHANAS ASSURANCES S.A.,https://www.legicam.cm/index.php/p/chanas-assurances-s-a-
100,CHASLES CORPORATION,https://www.legicam.cm/index.php/p/chasles-corporation
101,CHAZAI WAMBA,https://www.legicam.cm/index.php/p/chazai-partners
102,"CHOCOCAM (Chocolaterie, Confiserie du Cameroun)",https://www.legicam.cm/index.php/p/chococam-chocolaterie-confiserie-du-cameroun
103,CIFM- PALLISCO,https://www.legicam.cm/index.php/p/cifm-pallisco
104,CIMAF (Ciments de l'Afrique Cameroun),https://www.legicam.cm/index.php/p/cimaf-ciments-de-l-afrique-cameroun
105,CIMENCAM (Cimenteries du Cameroun),https://www.legicam.cm/index.php/p/cimencam-cimenteries-du-cameroun
106,CITIBANK OF CAMEROON,https://www.legicam.cm/index.php/p/citibank-of-cameroon
107,CLGG (Consignation et Logistique du Golfe de Guinée),https://www.legicam.cm/index.php/p/clgg-consignation-et-logistique-du-golfe-de-guinee
108,CMA CGM CAMEROUN,https://www.legicam.cm/index.php/p/cma-cgm-cameroun
109,CNCC (Conseil National des Chargeurs du Cameroun ),https://www.legicam.cm/index.php/p/cncc-conseil-national-des-chargeurs-du-cameroun
110,CNIC (Chantier Naval et Industriel du Cameroun S.A.),https://www.legicam.cm/index.php/p/cnic-chantier-naval-et-industriel-du-cameroun-sa
111,CNPS,https://www.legicam.cm/index.php/p/cnps
112,COFACE WEST AFRICA (Compagnie Française d'Assurance pour le Commerce Extérieur),https://www.legicam.cm/index.php/p/coface-west-africa-compagnie-franaise-d-assurance-pour-le-commerce-extrieur
113,COGENI CAMEROUN SARL,https://www.legicam.cm/index.php/p/cogeni-cameroun-sarl
114,COLGATE PALMOLIVE CAMEROUN,https://www.legicam.cm/index.php/p/colgate-palmolive-cameroun-3
115,COMETAL,https://www.legicam.cm/index.php/p/cometal
116,COMPAGNIE INDUSTRIELLE PHARMACEUTIQUE (CINPHARM),https://www.legicam.cm/index.php/p/compagnie-industrielle-pharmaceutique-cinpharm
117,CONCEPT IMMOBILIER,https://www.legicam.cm/index.php/p/concept-sarl
118,CONNECTIK HALL,https://www.legicam.cm/index.php/p/connectik-hall
119,CONSEILS ET SUIVIS LOGISTIQUES,https://www.legicam.cm/index.php/p/conseils-et-suivis-logistiques
120,CONSEILS ET SUIVIS LOGISTIQUES,https://www.legicam.cm/index.php/p/conseils-et-suivis-logistiques_2
121,CONSEILS FISCAUX ASSOCIES,https://www.legicam.cm/index.php/p/conseils-fiscaux-associes
122,COTCO S.A. (Cameroon Oil Transportation Company),https://www.legicam.cm/index.php/p/cotco-sa-cameroon-oil-transportation-company
123,CPA (COMPAGNIE PROFESSIONNELLE D'ASSURANCE DU CAMEROUN),https://www.legicam.cm/index.php/p/cpa-compagnie-professionnelle-d-assurance-du-cameroun
124,CPET (Chambre Professionnelle  Des Experts Techniques du Cameroun),https://www.legicam.cm/index.php/p/cpet-chambre-professionnelle-des-experts-techniques-du-cameroun
125,CREATIVE SARL,https://www.legicam.cm/index.php/p/creative-sarl
126,CREDIT POPULAIRE (Société Coopérative d'Epargne et de Crédit),https://www.legicam.cm/index.php/p/credit-populaire-societe-cooperative-d-epargne-et-de-credit
127,Croisiere BTP,https://www.legicam.cm/index.php/p/croisiere-btp
128,CROPLIFE CAMEROUN,https://www.legicam.cm/index.php/p/croplife-cameroun
129,CTA- SOTEXCAM S.A,https://www.legicam.cm/index.php/p/cta-sotexcam-sa
130,CTC (CAMEROUN TOBACCO COMPANY) ,https://www.legicam.cm/index.php/p/ctc-cameroun-tobacco-company
131,CWEN (Cameroon Women Entrepreneurs Network),https://www.legicam.cm/index.php/p/cwen-cameroon-women-entrepreneurs-network
132,Cyclone Sarl,https://www.legicam.cm/index.php/p/cyclone-sarl
133,DECORALIA,https://www.legicam.cm/index.php/p/decoralia
134,DELOITTE,https://www.legicam.cm/index.php/p/deloitte
135,DELTA INDUSTRIES INTERNATIONAL S.A.,https://www.legicam.cm/index.php/p/delta-industries-international-sa
136,DETAENERGY,https://www.legicam.cm/index.php/p/detaenergy
137,DHL EXPRESS,https://www.legicam.cm/index.php/p/dp-dhl
138,DHL GLOBAL FORWARDING,https://www.legicam.cm/index.php/p/dhl-global-forwarding
139,Dino & Fils S.A.,https://www.legicam.cm/index.php/p/dino-fils-s-a
140,DIOOL CAMEROON SAS,https://www.legicam.cm/index.php/p/diool-cameroon-sas
141,DJEMO BTP,https://www.legicam.cm/index.php/p/djemo-btp
142,DOHONE SA,https://www.legicam.cm/index.php/p/dohone-sa
143,DOVV Distribution Sarl,https://www.legicam.cm/index.php/p/dovv-distribution-sarl
144,DOWNSTREAM CONSULTING SA,https://www.legicam.cm/index.php/p/downstream-consulting-sa
145,DPDC (DIBAMBA POWER DEVELOPMENT COMPANY),https://www.legicam.cm/index.php/p/dpdc-dibamba-power-development-company
146,DREAM EVENT,https://www.legicam.cm/index.php/p/dream-event
147,DTP CAMEROUN,https://www.legicam.cm/index.php/p/dtp-cameroun
148,EASY PRINT,https://www.legicam.cm/index.php/p/easy-print
149,ECA-ERNST & YOUNG,https://www.legicam.cm/index.php/p/eca-ernst-young
150,ECO -ASSURANCES,https://www.legicam.cm/index.php/p/eco-assurances
151,ECO SERVICES,https://www.legicam.cm/index.php/p/eco-services
152,ECOBANK CAMEROUN,https://www.legicam.cm/index.php/p/ecobank-cameroun
153,ECTA-BTP (ETABLISSEMENTS CAMEROUNAIS DES TECHNICIENS ASSOCIES EN BATIMENT ET TRAVAUX PUBLICS ),https://www.legicam.cm/index.php/p/ecta-btp-etablissements-camerounais-des-techniciens-associes-en-batiment-et-travaux-publics
154,EDOK - ETER CAMEROUN S.A.,https://www.legicam.cm/index.php/p/edok-eter-cameroun-sa
155,EFAB CORPORATE SARL ,https://www.legicam.cm/index.php/p/efab-corporate-sarl
156,EGEC (Entreprise générale d'Etudes et de Constructions),https://www.legicam.cm/index.php/p/egec-entreprise-gnrale-d-etudes-et-de-constructions
157,EGIS CAMEROUN SA,https://www.legicam.cm/index.php/p/egis-cameroun-sa
158,ElectIT Engineering,https://www.legicam.cm/index.php/p/electit-engineering
159,ELECTRO-PLOMB Sarl,https://www.legicam.cm/index.php/p/electro-plomb-sarl
160,EMPLOI SERVICE S.A.,https://www.legicam.cm/index.php/p/emploi-service-sa
161,ENEM,https://www.legicam.cm/index.php/p/enem
162,ENEO CAMEROUN S.A.,https://www.legicam.cm/index.php/p/eneo-cameroun-sa
163,EURO COSMETICS,https://www.legicam.cm/index.php/p/euro-cosmetics
164,EUROPE AFRIQUE INTERIM S.A,https://www.legicam.cm/index.php/p/europe-afrique-interim-sa
165,EVOLVING CONSULTING,https://www.legicam.cm/index.php/p/evolving-consulting
166,Executive & Leisure Travel Agency (ELTA),https://www.legicam.cm/index.php/p/elta-hrg-cameroun-sarl
167,EXPERTIZ Sarl,https://www.legicam.cm/index.php/p/expertiz-sarl
168,EXPRESS EXCHANGE,https://www.legicam.cm/index.php/p/express-exchange
169,EXPRESS UNION,https://www.legicam.cm/index.php/p/express-union
170,FACE AUX RISQUES PROFESSIONNELS,https://www.legicam.cm/index.php/p/face-aux-risques-professionnels
171,FAFINSA,https://www.legicam.cm/index.php/p/fafinsa
172,FAYADORT S.A.,https://www.legicam.cm/index.php/p/fayadort-sa
173,FERMENCAM (Société Camerounaise de Fermentations),https://www.legicam.cm/index.php/p/fermencam-societe-camerounaise-de-fermentations
174,FIMEX INTERNATIONAL SA,https://www.legicam.cm/index.php/p/fimex-international-sarl
175,FINANCIAL HOUSE S.A.,https://www.legicam.cm/index.php/p/financial-house-s-a
176,FIRST TRUST S.A,https://www.legicam.cm/index.php/p/first-trust-sa
177,FIRSTRANSACT INTERNATIONAL SERVICES COMPANY (FISCO Sarl),https://www.legicam.cm/index.php/p/firstransact-international-services-company-fisco-sarl
178,FISC'AF SARL,https://www.legicam.cm/index.php/p/fisc-af-sarl
179,FLORE SERVICES SARL,https://www.legicam.cm/index.php/p/flore-services-sarl
180,"FME - GAZ, Les Gaz Industriels du Cameroun",https://www.legicam.cm/index.php/p/fme-gaz-les-gaz-industriels-du-cameroun
181,FODECC (FONDS DE DEVELOPPEMENT DES FILIRES CACAO CAFE),https://www.legicam.cm/index.php/p/fodecc-fonds-de-developpement-des-filires-cacao-cafe
182,FOURE LAGADEC CAMEROUN,https://www.legicam.cm/index.php/p/foure-lagadec-cameroun
183,FULL OPTION SERVICES SARL,https://www.legicam.cm/index.php/p/full-option-services
184,G4S Security Services Cameroon Plc,https://www.legicam.cm/index.php/p/g4s-security-services-cameroon-plc
185,GAP CONSULT,https://www.legicam.cm/index.php/p/gap-consult
186,GEFAD CONSULTING,https://www.legicam.cm/index.php/p/gefad-consulting
187,GENERAL BUSINESS OF AFRICA,https://www.legicam.cm/index.php/p/general-business-of-africa
188,GEX (Groupement des Exportateurs Cacao/cafés),https://www.legicam.cm/index.php/p/gex-groupement-des-exportateurs-cacao-cafs
189,GFBC (Groupement de la Filière Bois au Cameroun),https://www.legicam.cm/index.php/p/gfbc-groupement-de-la-filiere-bois-au-cameroun
190,GLOBAL LOGISTICS LTD,https://www.legicam.cm/index.php/p/global-logistics-ltd
191,GLOBAL SERVICES SARL,https://www.legicam.cm/index.php/p/global-services-sarl
192,GPAC (GROUPEMENT PROFESSIONNEL DES ACCONIERS DU CAMEROUN),https://www.legicam.cm/index.php/p/gpac-groupement-professionnel-des-acconiers-du-cameroun
193,GPP (GROUPEMENT DES PROFESSIONNELS DU PETROLE),https://www.legicam.cm/index.php/p/gpp-groupement-des-professionnels-du-petrole
194,GRAPHICS SYSTEM,https://www.legicam.cm/index.php/p/graphics-system
195,Groupe Blaz Design Management & Investment S.A,https://www.legicam.cm/index.php/p/groupe-blaz-design-management-investment-sa
196,GROUPE FOCALI,https://www.legicam.cm/index.php/p/groupe-focali
197,GROUPE INTER PRESS,https://www.legicam.cm/index.php/p/groupe-inter-press
198,GROUPE NOJEMA,https://www.legicam.cm/index.php/p/groupe-nojema
199,Groupe Scolaire Bilingue DUVAAL,https://www.legicam.cm/index.php/p/groupe-scolaire-bilingue-duvaal
200,GROUPEMENT DES INDUSTRIES MEUNIERES DU CAMEROUN,https://www.legicam.cm/index.php/p/groupement-des-industries-meunieres-du-cameroun
201,GTS- FILTREX,https://www.legicam.cm/index.php/p/gts-filtrex
202,GTW (GALILEO TRAVELPORT WORLDSPAN),https://www.legicam.cm/index.php/p/gtw-galileo-travelport-worldspan
203,GUCE-GIE (Guichet Unique des Opérations du Commerce Extérieur),https://www.legicam.cm/index.php/p/guce-gie-guichet-unique-des-oprations-du-commerce-extrieur
204,GUEST Cameroun,https://www.legicam.cm/index.php/p/guest-cameroun
205,GUINNESS CAMEROUN S.A.,https://www.legicam.cm/index.php/p/guinness-cameroun-sa
206,GULFIN S &T CO,https://www.legicam.cm/index.php/p/gulfin-s-t-co
207,HACC (Huilerie Alimentaire et Chimique du Cameroun),https://www.legicam.cm/index.php/p/hacc-huilerie-alimentaire-et-chimique-du-cameroun
208,HARVEST ASSET MANAGEMENT,https://www.legicam.cm/index.php/p/harvest-asset-management
209,HAVAS AFRICA CAMEROUN,https://www.legicam.cm/index.php/p/havas-media-cameroun
210,HEVECAM S.A.,https://www.legicam.cm/index.php/p/hevecam-sa
211,HILTON YAOUNDE - CAMEROON HOTELS CORPORATION,https://www.legicam.cm/index.php/p/hilton-yaounde-cameroon-hotels-corporation
212,HORIZON PHYTO PLUS SA,https://www.legicam.cm/index.php/p/horizon-phyto-plus-sa
213,HOTEL IBIS DOUALA,https://www.legicam.cm/index.php/p/hotel-ibis-douala
214,HOTEL MONT FEBE,https://www.legicam.cm/index.php/p/hotel-mont-febe
215,HOTEL SAWA,https://www.legicam.cm/index.php/p/hotel-sawa
216,HSD HUMAN RESOURCE SOLUTIONS LTD,https://www.legicam.cm/index.php/p/hsd-human-resource-solutions-ltd
217,HUAWEI Technologies Company Cam,https://www.legicam.cm/index.php/p/huawei-technologies-company-cam
218,HYDRAC SA (Hydrocarbures Analyses Contrôles),https://www.legicam.cm/index.php/p/hydrac-sa-hydrocarbures-analyses-controles
219,HYSACAM SA,https://www.legicam.cm/index.php/p/hysacam-sa
220,IHS CAMEROON,https://www.legicam.cm/index.php/p/ihs-cameroon
221,IHS CAMEROON S.A.,https://www.legicam.cm/index.php/p/ihs-cameroun-sa
222,INQ CREATORS,https://www.legicam.cm/index.php/p/triberix-plc
223,INSTITUT SAINT JEAN,https://www.legicam.cm/index.php/p/institut-saint-jean
224,INSTITUT UNIVERSITAIRE DE LA COTE,https://www.legicam.cm/index.php/p/institut-universitaire-de-la-cote
225,INSTITUT UNIVERSITAIRE SIANTOU,https://www.legicam.cm/index.php/p/institut-universitaire-siantou
226,INSTRUMELEC CAMEROUN,https://www.legicam.cm/index.php/p/instrumelec-cameroun
227,INTEK,https://www.legicam.cm/index.php/p/intek
228,INTEL HR CONSULTING,https://www.legicam.cm/index.php/p/intel-hr-consulting
229,Intelcia Cameroun,https://www.legicam.cm/index.php/p/intelcia-cameroun
230,INTER'ACTIV CONSULTING SARL,https://www.legicam.cm/index.php/p/inter-activ-consulting-sarl
231,IT SERVICES SARL,https://www.legicam.cm/index.php/p/it-services-sarl
232,JEFFERSONS GROUP,https://www.legicam.cm/index.php/p/jeffersons-group
233,JURITAX CONSEIL SARL,https://www.legicam.cm/index.php/p/juritax-conseil-sarl
234,KAMIINI PRIVATE LLC,https://www.legicam.cm/index.php/p/kamiini-private-llc
235,KOMSON AFRICA LOGISTIC,https://www.legicam.cm/index.php/p/komson-africa-logistic
236,KPDC (KRIBI POWER DEVELOPMENT COMPANY),https://www.legicam.cm/index.php/p/kpdc-kribi-power-development-company
237,KPMG AFRIQUE CENTRALE,https://www.legicam.cm/index.php/p/kpmg-afrique-centrale
238,L'ATRIUM,https://www.legicam.cm/index.php/p/l-atrium
239,LA NEGRESSE Sarl,https://www.legicam.cm/index.php/p/la-negresse-sarl
240,LA NOUVELLE EXPRESSION,https://www.legicam.cm/index.php/p/la-nouvelle-expression
241,LA PASTA SA,https://www.legicam.cm/index.php/p/la-pasta-sa
242,LA ROYALE DES JEUX DU CAMEROUN,https://www.legicam.cm/index.php/p/la-royale-des-jeux-du-cameroun
243,LA SOLUTION,https://www.legicam.cm/index.php/p/la-solution
244,LES LABORATOIRES BIOPHARMA,https://www.legicam.cm/index.php/p/les-laboratoires-biopharma
245,LMT GROUP (AXESS) SA,https://www.legicam.cm/index.php/p/lmt-group-axess-sa
246,LOGISCAL INVESTMENT SARL,https://www.legicam.cm/index.php/p/logiscal-investment-sarl
247,Longstar Equipment Cameroun,https://www.legicam.cm/index.php/p/longstar-equipment-cameroun
248,LOTHE Consulting,https://www.legicam.cm/index.php/p/lothe-consulting
249,MAERSK LINE AGENCY CAMEROUN,https://www.legicam.cm/index.php/p/maersk-line-agency-cameroun
250,MAHIMA SARL,https://www.legicam.cm/index.php/p/mahima-sarl
251,MAÏSCAM SA,https://www.legicam.cm/index.php/p/maiscam-sa
252,MAT-LEC,https://www.legicam.cm/index.php/p/mat-lec
253,MAZARS CAMEROUN,https://www.legicam.cm/index.php/p/mazars-cameroun
254,MC DISTRIBUTION,https://www.legicam.cm/index.php/p/mc-distribution
255,ME MULTIMEDIA SOLUTIONS,https://www.legicam.cm/index.php/p/me-multimedia-solutions
256,MEDIA PLUS SARL,https://www.legicam.cm/index.php/p/media-plus-sarl
257,MEDICARE SARL,https://www.legicam.cm/index.php/p/medicare-sarl
258,MELODIUS Consulting,https://www.legicam.cm/index.php/p/melodius-consulting
259,METCH-ELEC,https://www.legicam.cm/index.php/p/metch-elec
260,METROPOLITANS PLASTICS S.A.,https://www.legicam.cm/index.php/p/metropolitans-plastics-sa
261,MISTER CLEAN,https://www.legicam.cm/index.php/p/mister-clean
262,MIT CHIMIE,https://www.legicam.cm/index.php/p/mit-chimie
263,Mobile Money Corporation Limited,https://www.legicam.cm/index.php/p/mobile-money-corporation-limited
264,MOLIGE S.A.R.L,https://www.legicam.cm/index.php/p/molige-sarl
265,MP SOLUTIONS SARL,https://www.legicam.cm/index.php/p/mp-solutions-sarl
266,MSC (Mediterranean Shipping Company Cameroun),https://www.legicam.cm/index.php/p/msc-mediterranean-shipping-company-cameroun
267,MSMI (MULTI SERVICES MATERIEL INDUSTRIEL SARL),https://www.legicam.cm/index.php/p/msmi-multi-services-materiel-industriel-sarl
268,MTA CAMEROUN SA,https://www.legicam.cm/index.php/p/mta-cameroun-sa
269,MTN CAMEROON,https://www.legicam.cm/index.php/p/mtn-cameroon
270,MULTIPRINT LABELS & PACKAGING,https://www.legicam.cm/index.php/p/multiprint
271,NACYDATE SARL,https://www.legicam.cm/index.php/p/nacydate-sarl
272,NAL BUSINESS & CORPORATION,https://www.legicam.cm/index.php/p/nal-business-corporation
273,NAMé RECYCLING SARL,https://www.legicam.cm/index.php/p/name-recycling-sarl
274,NATIONAL FINANCIAL CREDIT BANK,https://www.legicam.cm/index.php/p/national-financial-credit-bank
275,NESTLE CAMEROUN,https://www.legicam.cm/index.php/p/nestle-cameroun
276,NEWKO AUDIT,https://www.legicam.cm/index.php/p/newko-audit
277,NEZAFI CAPITAL,https://www.legicam.cm/index.php/p/nezafi-capital
278,NOUBOU INTERNATIONAL HOTEL SA,https://www.legicam.cm/index.php/p/noubou-international-hotel-sa
279,NSIA,https://www.legicam.cm/index.php/p/nsia
280,NT&C,https://www.legicam.cm/index.php/p/ntc
281,OAPA (Observatoire Africain de la Pratique des Affaires),https://www.legicam.cm/index.php/p/oapa-observatoire-africain-de-la-pratique-des-affaires
282,OASIS MOTORS,https://www.legicam.cm/index.php/p/oasis-motors
283,OK FOODS,https://www.legicam.cm/index.php/p/ok-foods
284,OK PLASTCAM Sarl,https://www.legicam.cm/index.php/p/ok-plastcam-sarl
285,OKALLA AHANDA & ASSOCIES,https://www.legicam.cm/index.php/p/okalla-ahanda-associes
286,OLAM CAM S.A.,https://www.legicam.cm/index.php/p/olam-cam-sa
287,OMED VOYAGE,https://www.legicam.cm/index.php/p/omed-voyage
288,OMOA CAMEROUN S.A,https://www.legicam.cm/index.php/p/omoa-cameroun-sa
289,ONE WORLD BUSINESS SA,https://www.legicam.cm/index.php/p/one-world-business-sa
290,ONZFI (Office National des Zones Franches Industrielles),https://www.legicam.cm/index.php/p/onzfi-office-national-des-zones-franches-industrielles
291,ORANGE CAMEROUN S.A.,https://www.legicam.cm/index.php/p/orange-cameroun-sa
292,OUMAROU MOHAMADOU COMPANY (OMC),https://www.legicam.cm/index.php/p/oumarou-mohamadou-company-omc
293,PAK (PORT AUTONOME DE KRIBI),https://www.legicam.cm/index.php/p/pak-port-autonome-de-kribi
294,PAMOL PLANTATIONS,https://www.legicam.cm/index.php/p/pamol-plantations
295,PANESS CONSEIL (Panafric Engineering and Services),https://www.legicam.cm/index.php/p/paness-conseil-panafric-engineering-and-services
296,PANZANI CAMEROUN SA,https://www.legicam.cm/index.php/p/panzani-cameroun-sa
297,PERENCO RIO DEL REY,https://www.legicam.cm/index.php/p/perenco-rio-del-rey
298,Perfect Services Sarl,https://www.legicam.cm/index.php/p/perfect-services-sarl
299,PERFITCOM (Performance IT et Conseils en Management),https://www.legicam.cm/index.php/p/perfitcom-performance-it-et-conseils-en-management
300,PETROLEX CAMEROUN S.A,https://www.legicam.cm/index.php/p/petrolex-cameroun-sa
301,PHP (Plantations de Haut  Penja),https://www.legicam.cm/index.php/p/php-plantations-de-haut-penja
302,PIGIER CAMEROUN,https://www.legicam.cm/index.php/p/pigier-cameroun
303,PLASTICAM,https://www.legicam.cm/index.php/p/plasticam
304,POLYPHARMA SARL,https://www.legicam.cm/index.php/p/polypharma-sarl
305,POMME ROUGE Sarl,https://www.legicam.cm/index.php/p/pomme-rouge-sarl
306,PORT AUTONOME DE DOUALA,https://www.legicam.cm/index.php/p/port-autonome-de-douala
307,PPSM,https://www.legicam.cm/index.php/p/ppsm
308,PREMIUM FINANCIAL,https://www.legicam.cm/index.php/p/premium-financial
309,PRICEWATERHOUSECOOPERS TAX & LEGAL,https://www.legicam.cm/index.php/p/pricewaterhousecoopers-tax-legal
310,PRODIGY AVIATION SOLUTIONS,https://www.legicam.cm/index.php/p/prodigy-aviation-solutions
311,PROMETAL,https://www.legicam.cm/index.php/p/prometal
312,PROMODIS AFRIQ SARL,https://www.legicam.cm/index.php/p/promodis-afriq-sarl
313,PROXIMITY CARE SARL,https://www.legicam.cm/index.php/p/proximity-care
314,RAZEL CAMEROUN,https://www.legicam.cm/index.php/p/razel-cameroun
315,"REPTIC.CM (Réseau des Professionnels du Secteur des Télécoms, des TIC et du Numérique du Cameroun.) ",https://www.legicam.cm/index.php/p/repticcm-reseau-des-professionnels-du-secteur-des-telecoms-des-tic-et-du-numerique-du-cameroun
316,ROYAL CHIMIE S.A,https://www.legicam.cm/index.php/p/royal-chimie-sa
317,RW KING,https://www.legicam.cm/index.php/p/rw-king
318,SAAGRY SARL,https://www.legicam.cm/index.php/p/saagry-sarl
319,SAAR (Société Africaine d'Assurance et de Réassurances),https://www.legicam.cm/index.php/p/saar-societe-africaine-d-assurance-et-de-reassurances
320,SAB SARL (SIANTOU AFRICA BUILDING),https://www.legicam.cm/index.php/p/sab-sarl-siantou-africa-building
321,SABC (Société Anonyme des Brasseries du Cameroun),https://www.legicam.cm/index.php/p/sabc-societe-anonyme-des-brasseries-du-cameroun
322,SAE SA (SOCIETE AGROALIMENTAIRE EQUATORIALE),https://www.legicam.cm/index.php/p/sae-sa-societe-agroalimentaire-equatoriale
323,SAFACAM (Société Africaine Forestière et Agricole du Cameroun),https://www.legicam.cm/index.php/p/safacam-societe-africaine-forestiere-et-agricole-du-cameroun
324,SAFCA - CAHIERS,https://www.legicam.cm/index.php/p/safca-cahiers
325,SAGEMCOM Cameroun,https://www.legicam.cm/index.php/p/sagemcom-cameroun
326,SAICAM SARL,https://www.legicam.cm/index.php/p/saicam-sarl
327,SANLAM ASSURANCES,https://www.legicam.cm/index.php/p/saham-assurances-1
328,SANLAM LIFE,https://www.legicam.cm/index.php/p/saham-life-insurance
329,SANOFI AFC,https://www.legicam.cm/index.php/p/sanofi-afc
330,SAPACI SARL (Société Africaine des Produits Alimentaires CIAMS Industries),https://www.legicam.cm/index.php/p/sapaci-sarl-societe-africaine-des-produits-alimentaires-ciams-industries
331,SAPTRANS,https://www.legicam.cm/index.php/p/saptrans
332,SCADTC (Syndicat des Commissionnaires Agrées en  Douane et  Transitaire du Cameroun),https://www.legicam.cm/index.php/p/scadtc-syndicat-des-commissionnaires-agrees-en-douane-et-transitaire-du-cameroun
333,SCB Cameroun (Societe Commerciale  de Banque Cameroun),https://www.legicam.cm/index.php/p/scb-cameroun-societe-commerciale-de-banque-cameroun
334,SCDP (Société Camerounaise des Dépôts Pétroliers),https://www.legicam.cm/index.php/p/scdp-societe-camerounaise-des-depots-petroliers
335,SCI IMMO 2000,https://www.legicam.cm/index.php/p/sci-immo-2000
336,SCI PARADICIO,https://www.legicam.cm/index.php/p/sci-paradicio
337,SCIEC (SYNDICAT DES COMMERCANTS IMPORTATEURS EXPORTATEURS DU CAMEROUN),https://www.legicam.cm/index.php/p/sciec-syndicat-des-commercants-importateurs-exportateurs-du-cameroun
338,SCIN (Societe Camerounaise d'intermediation et de négoce),https://www.legicam.cm/index.php/p/scin-societe-camerounaise-dintermediation-et-de-negoce
339,SCR MAYA & Co (Société Camerounaise de Raffinage MAYA et Cie),https://www.legicam.cm/index.php/p/scr-maya-co-societe-camerounaise-de-raffinage-maya-et-cie
340,SCS (SOCIETE CAMEROUNAISE DE SAVONNERIE),https://www.legicam.cm/index.php/p/scs-societe-camerounaise-de-savonnerie
341,SCTM (Société Camerounaise de Transformation Métallique),https://www.legicam.cm/index.php/p/sctm-societe-camerounaise-de-transformation-metallique
342,SDAD (Société de Distribution & d'Achats Divers),https://www.legicam.cm/index.php/p/sdad-societe-de-distribution-dachats-divers
343,SDCRA,https://www.legicam.cm/index.php/p/sdcra
344,SECA ( Services Camerounais d'Assainissement ),https://www.legicam.cm/index.php/p/seca-services-camerounais-d-assainissement-
345,SECEL,https://www.legicam.cm/index.php/p/secel
346,SECURITY SERVICES GROUP,https://www.legicam.cm/index.php/p/security-services-group
347,SEMAGRI Sarl,https://www.legicam.cm/index.php/p/semagri-sarl
348,SEREMAC Sarl,https://www.legicam.cm/index.php/p/seremac-sarl
349,SFID S.A.,https://www.legicam.cm/index.php/p/sfid-sa
350,SGMC (Société les Grands Moulins du Cameroun),https://www.legicam.cm/index.php/p/sgmc-societe-les-grands-moulins-du-cameroun
351,SGS CAMEROUN S.A.,https://www.legicam.cm/index.php/p/sgs-cameroun-sa
352,SHOOTING STAR,https://www.legicam.cm/index.php/p/shooting-star
353,SIC (Société Immobilière du Cameroun),https://www.legicam.cm/index.php/p/sic-societe-immobiliere-du-cameroun
354,SIC CACAOS,https://www.legicam.cm/index.php/p/sic-cacaos
355,SIKA CAMEROON,https://www.legicam.cm/index.php/p/sika-cameroon
356,SIMTECH-3D  SARL,https://www.legicam.cm/index.php/p/simtech-3d-sarl
357,SIPP (SOCIETE INDUSTRIELLE DES PRODUITS PHARMACEUTIQUES),https://www.legicam.cm/index.php/p/sipp-societe-industrielle-des-produits-pharmaceutiques
358,SIVO CENTRAL AFRICA,https://www.legicam.cm/index.php/p/sivo-central-africa
359,SMPC (Société Moderne du Pneumatique Camerounais),https://www.legicam.cm/index.php/p/smpc-societe-moderne-du-pneumatique-camerounais
360,SMS CAMEROUN,https://www.legicam.cm/index.php/p/sms-cameroun
361,SMT,https://www.legicam.cm/index.php/p/smt
362,SNAVTC (Syndicat Nationale des Agences de Voyage et de Tourisme du Cameroun),https://www.legicam.cm/index.php/p/snavtc-syndicat-nationale-des-agences-de-voyage-et-de-tourisme-du-cameroun
363,SNI (Société Nationale des Investissements),https://www.legicam.cm/index.php/p/sni-societe-nationale-des-investissements
364,SNTS (Société Nationale de Transit et de Services),https://www.legicam.cm/index.php/p/snts-societe-nationale-de-transit-et-de-services
365,SOACAM (SOCIETE ALIMENTAIRE DU CAMEROUN),https://www.legicam.cm/index.php/p/soacam-societe-alimentaire-du-cameroun
366,SOCAPALM (Société Camerounaise des Palmeraies),https://www.legicam.cm/index.php/p/socapalm-societe-camerounaise-des-palmeraies
367,SOCARTO (Sté Camerounaise de Cartonnages et de Fournitures de matériel  scolaire & Bureau),https://www.legicam.cm/index.php/p/socarto-ste-camerounaise-de-cartonnages-et-de-fournitures-de-materiel-scolaire-bureau
368,SOCATAM,https://www.legicam.cm/index.php/p/socatam
369,SOCATUR S.A.,https://www.legicam.cm/index.php/p/socatur-sa
370,SOCIETE  QUIFEUROU,https://www.legicam.cm/index.php/p/societe-quifeurou
371,Société 8P Transit S.A,https://www.legicam.cm/index.php/p/societe-8p-transit-sa
372,SOCIETE DES ETABLISSEMENTS MONKAM (SEM),https://www.legicam.cm/index.php/p/societe-des-etablissements-monkam-sem
373,SOCIETE DES PARCS A BOIS DU CAMEROUN,https://www.legicam.cm/index.php/p/societe-des-parcs-a-bois-du-cameroun
374,SOCIETE GENERALE CAMEROUN (SGC),https://www.legicam.cm/index.php/p/societe-generale-cameroun
375,Société Nationale de Transit et de Services (SNTS),https://www.legicam.cm/index.php/p/societe-nationale-de-transit-et-de-services-snts
376,Société TCHIN-PAS SARL,https://www.legicam.cm/index.php/p/societe-tchin-pas-sarl
377,SOCIETE TIGUI SA,https://www.legicam.cm/index.php/p/societe-tigui-sa
378,SOCIPEC SARL,https://www.legicam.cm/index.php/p/socipec-sarl
379,SOCOMAR SA,https://www.legicam.cm/index.php/p/socomar-sa
380,SODECOTON (Société de Développement du Coton du Cameroun),https://www.legicam.cm/index.php/p/sodecoton-societe-de-developpement-du-coton-du-cameroun
381,SOFITOUL S.A.,https://www.legicam.cm/index.php/p/sofitoul-sa
382,SOGECO,https://www.legicam.cm/index.php/p/sogeco
383,SOLEVO CAMEROUN,https://www.legicam.cm/index.php/p/louis-dreyfus-commodities
384,SOLEX SARL,https://www.legicam.cm/index.php/p/solex-sarl
385,SONARA  (Société Nationale de Raffinage),https://www.legicam.cm/index.php/p/sonara-societe-nationale-de-raffinage
386,SOREPCO,https://www.legicam.cm/index.php/p/sorepco
387,SOSUCAM (Société Sucrière du Cameroun),https://www.legicam.cm/index.php/p/sosucam-societe-sucriere-du-cameroun
388,SOURCE DU PAYS,https://www.legicam.cm/index.php/p/source-du-pays
389,SOYA BEANS PROCESSING INDUSTRY OF CAMEROON (SOPROICAM) S.A,https://www.legicam.cm/index.php/p/soya-beans-processing-industry-of-cameroon-soproicam-sa
390,SPECTRUM SARL,https://www.legicam.cm/index.php/p/spectrum-sarl
391,SPEED APPRO,https://www.legicam.cm/index.php/p/speed-appro
392,ST DIGITAL,https://www.legicam.cm/index.php/p/st-digital
393,STANDARD CHARTERED BANK CAMEROON S.A.,https://www.legicam.cm/index.php/p/standard-chartered-bank-cameroon-sa
394,STYLE.COM SARL,https://www.legicam.cm/index.php/p/stylecom-sarl
395,SUMOCAM ( Sucreries Modernes du Cameroun ),https://www.legicam.cm/index.php/p/sumocam-sucreries-modernes-du-cameroun
396,SUMU ASSURANCES VIE CAMEROUN,https://www.legicam.cm/index.php/p/sumu-assurances-vie-cameroun
397,SUNDA Cameroun Ltd,https://www.legicam.cm/index.php/p/sunda-cameroun-ltd
398,SUNU CAMEROUN,https://www.legicam.cm/index.php/p/sunu-cameroun
399,SYNDUSTRICAM (Syndicat des Industriels du Cameroun),https://www.legicam.cm/index.php/p/syndustricam-syndicat-des-industriels-du-cameroun
400,SYPRODIS,https://www.legicam.cm/index.php/p/syprodis
401,TAC (Tôles et Aciers du Cameroun),https://www.legicam.cm/index.php/p/tac-tles-et-aciers-du-cameroun
402,TAF INVESTMENT GROUP,https://www.legicam.cm/index.php/p/taf-investment-group
403,TECHNOLOGIE ZENTRUM SARL,https://www.legicam.cm/index.php/p/technologie-zentrum-sarl
404,TEFON HR,https://www.legicam.cm/index.php/p/tefon-hr
405,TELCAR COCOA LTD,https://www.legicam.cm/index.php/p/telcar-cocoa-ltd
406,THELI RP,https://www.legicam.cm/index.php/p/theli-rp
407,TOTALENERGIES MARKETING CAMEROUN S.A.,https://www.legicam.cm/index.php/p/total-cameroun-sa
408,TPM SA (Transformation of Plastics and Metals),https://www.legicam.cm/index.php/p/tpm-sa-transformation-of-plastics-and-metals
409,TRACTAFRIC EQUIPEMENT,https://www.legicam.cm/index.php/p/tractafric-equipement
410,TRADE WOOD & SERVICES Sarl,https://www.legicam.cm/index.php/p/trade-wood-services-sarl
411,TRADIMCO SARL (TRADING MANAGEMENT COMPANY),https://www.legicam.cm/index.php/p/tradimco-sarl-trading-management-company
412,TRANSIMAR SA,https://www.legicam.cm/index.php/p/transimar-sa
413,TRANSIMEX CAMEROUN,https://www.legicam.cm/index.php/p/transimex-cameroun
414,TROPIK INDUSTRIES CAMEROUN,https://www.legicam.cm/index.php/p/tropik-industries-cameroun
415,UBA (United Bank for Africa),https://www.legicam.cm/index.php/p/uba-united-bank-for-africa
416,UBC (UNION BANK OF CAMEROON PLC),https://www.legicam.cm/index.php/p/ubc-union-bank-of-cameroon-plc
417,UCAM (UNION DES CONSIGNATAIRES ET ARMATEURS DU CAMEROUN),https://www.legicam.cm/index.php/p/ucam-union-des-consignataires-et-armateurs-du-cameroun
418,UCB (Union Camerounaise de Brasseries),https://www.legicam.cm/index.php/p/ucb-union-camerounaise-de-brasseries
419,UNALOR (Union Allumettière Equatoriale),https://www.legicam.cm/index.php/p/unalor-union-allumettiere-equatoriale
420,UNITED BUSINESS MACHINES,https://www.legicam.cm/index.php/p/united-business-machines
421,UTI ( Union Trading International),https://www.legicam.cm/index.php/p/uti-union-trading-international
422,UTSCH CAMEROUN,https://www.legicam.cm/index.php/p/utsch-cameroun
423,VELIA SARL,https://www.legicam.cm/index.php/p/velia-sarl
424,WARTSILA,https://www.legicam.cm/index.php/p/wartsila
425,WCI (WORLD CAR INDUSTRY ),https://www.legicam.cm/index.php/p/wci-world-car-industry
426,WIJMA CAMEROUN S.A.,https://www.legicam.cm/index.php/p/wijma-cameroun-sa
427,WILLIS TOWERS WATSON CAMEROUN,https://www.legicam.cm/index.php/p/gras-savoye
428,WISDOM INTERNATIONAL,https://www.legicam.cm/index.php/p/wisdom-international
429,YOOMEE Cameroun,https://www.legicam.cm/index.php/p/yoomee-cameroun
430,YUP CAMEROUN S.A,https://www.legicam.cm/index.php/p/yup-cameroun-sa
431,ZATI CONSTRUCTIONS,https://www.legicam.cm/index.php/p/zati-constructions
432,ZENITHE INSURANCE SA,https://www.legicam.cm/index.php/p/zenithe-insurance-sa
